--------------------------------------------------------
--  File creato - domenica-settembre-09-2018   
--------------------------------------------------------
REM INSERTING into DB_MONO.CARTA
SET DEFINE OFF;
Insert into DB_MONO.CARTA (ID_CARTA,TIPO_CARTA,TESTO,IMPORTO) values ('1','PROBABILITÀ','Andate in prigione direttamente e senza passare dal VIA!','0');
Insert into DB_MONO.CARTA (ID_CARTA,TIPO_CARTA,TESTO,IMPORTO) values ('2','PROBABILITÀ','Ereditate 100$ da un lontano zio','100');
Insert into DB_MONO.CARTA (ID_CARTA,TIPO_CARTA,TESTO,IMPORTO) values ('3','PROBABILITÀ','Maturano gli interessi della vostra assicurazione sulla vita: incassate 100$','100');
Insert into DB_MONO.CARTA (ID_CARTA,TIPO_CARTA,TESTO,IMPORTO) values ('4','PROBABILITÀ','Pagate le rette scolastiche dei vostri figli: versate 50$','50');
Insert into DB_MONO.CARTA (ID_CARTA,TIPO_CARTA,TESTO,IMPORTO) values ('10','IMPREVISTI','Andate sino al Corso Ateneo e se passate dal VIA ritirate 200$','200');
Insert into DB_MONO.CARTA (ID_CARTA,TIPO_CARTA,TESTO,IMPORTO) values ('5','PROBABILITÀ','Pagate la retta ospedaliera di 100$','100');
Insert into DB_MONO.CARTA (ID_CARTA,TIPO_CARTA,TESTO,IMPORTO) values ('6','PROBABILITÀ','La banca riconosce un errore nel vostro estratto conto: Incassate 200$','200');
Insert into DB_MONO.CARTA (ID_CARTA,TIPO_CARTA,TESTO,IMPORTO) values ('7','PROBABILITÀ','Ricevete 25$ per la vostra consulenza','25');
Insert into DB_MONO.CARTA (ID_CARTA,TIPO_CARTA,TESTO,IMPORTO) values ('8','PROBABILITÀ','Ricevete la parcella del dottore: pagate 60$','60');
Insert into DB_MONO.CARTA (ID_CARTA,TIPO_CARTA,TESTO,IMPORTO) values ('9','PROBABILITÀ','Avete vinto il secondo premio in un concorso di bellezza! Incassate 10$','10');
Insert into DB_MONO.CARTA (ID_CARTA,TIPO_CARTA,TESTO,IMPORTO) values ('12','IMPREVISTI','Maturano le cedole dei vostri fondi immobiliati. Incassate 150$','150');
Insert into DB_MONO.CARTA (ID_CARTA,TIPO_CARTA,TESTO,IMPORTO) values ('11','IMPREVISTI','Andate avanti fino al VIA e ritirate 200$','200');
Insert into DB_MONO.CARTA (ID_CARTA,TIPO_CARTA,TESTO,IMPORTO) values ('13','IMPREVISTI','Siete stati promossi alla presidenza del consiglio di amministrazione. Pagate 50$ ad ogni giocatore','50');
Insert into DB_MONO.CARTA (ID_CARTA,TIPO_CARTA,TESTO,IMPORTO) values ('14','IMPREVISTI','La banca vi paga un dividendo di 50$','50');
Insert into DB_MONO.CARTA (ID_CARTA,TIPO_CARTA,TESTO,IMPORTO) values ('15','IMPREVISTI','Andate in prigione direttamente e senza passare dal VIA!','0');
Insert into DB_MONO.CARTA (ID_CARTA,TIPO_CARTA,TESTO,IMPORTO) values ('16','IMPREVISTI','Multa per eccesso di velocità. Pagate 15$','15');
Insert into DB_MONO.CARTA (ID_CARTA,TIPO_CARTA,TESTO,IMPORTO) values ('17','IMPREVISTI','Fate 3 passi indietro (con tanti auguri!)','0');
Insert into DB_MONO.CARTA (ID_CARTA,TIPO_CARTA,TESTO,IMPORTO) values ('18','IMPREVISTI','Andate alla Stazione Nord e se passate dal VIA ritirate 200$','200');
REM INSERTING into DB_MONO.CASELLA
SET DEFINE OFF;
Insert into DB_MONO.CASELLA (ID_CASELLA,NOME,POSIZIONE,TIPO_CASELLA,TIPO_NONED,COLORE,TESTO,PREZZO) values ('1','VICOLO CORTO','1','TERRITORIO',null,'MARRONE',null,'60');
Insert into DB_MONO.CASELLA (ID_CASELLA,NOME,POSIZIONE,TIPO_CASELLA,TIPO_NONED,COLORE,TESTO,PREZZO) values ('3','VICOLO STRETTO','3','TERRITORIO',null,'MARRONE',null,'60');
Insert into DB_MONO.CASELLA (ID_CASELLA,NOME,POSIZIONE,TIPO_CASELLA,TIPO_NONED,COLORE,TESTO,PREZZO) values ('18','CORSO RAFFAELLO','18','TERRITORIO',null,'ARANCIONE',null,'180');
Insert into DB_MONO.CASELLA (ID_CASELLA,NOME,POSIZIONE,TIPO_CASELLA,TIPO_NONED,COLORE,TESTO,PREZZO) values ('6','BASTIONI GRAN SASSO','6','TERRITORIO',null,'CELESTE',null,'100');
Insert into DB_MONO.CASELLA (ID_CASELLA,NOME,POSIZIONE,TIPO_CASELLA,TIPO_NONED,COLORE,TESTO,PREZZO) values ('8','VIALE MONTEROSA','8','TERRITORIO',null,'CELESTE',null,'100');
Insert into DB_MONO.CASELLA (ID_CASELLA,NOME,POSIZIONE,TIPO_CASELLA,TIPO_NONED,COLORE,TESTO,PREZZO) values ('9','VIALE VESUVIO','9','TERRITORIO',null,'CELESTE',null,'120');
Insert into DB_MONO.CASELLA (ID_CASELLA,NOME,POSIZIONE,TIPO_CASELLA,TIPO_NONED,COLORE,TESTO,PREZZO) values ('11','VIA ACCADEMIA','11','TERRITORIO',null,'FUCSIA',null,'140');
Insert into DB_MONO.CASELLA (ID_CASELLA,NOME,POSIZIONE,TIPO_CASELLA,TIPO_NONED,COLORE,TESTO,PREZZO) values ('13','CORSO ATENEO','13','TERRITORIO',null,'FUCSIA',null,'140');
Insert into DB_MONO.CASELLA (ID_CASELLA,NOME,POSIZIONE,TIPO_CASELLA,TIPO_NONED,COLORE,TESTO,PREZZO) values ('14','PIAZZA UNIVERSITÀ','14','TERRITORIO',null,'FUCSIA',null,'160');
Insert into DB_MONO.CASELLA (ID_CASELLA,NOME,POSIZIONE,TIPO_CASELLA,TIPO_NONED,COLORE,TESTO,PREZZO) values ('16','VIA VERDI','16','TERRITORIO',null,'ARANCIONE',null,'180');
Insert into DB_MONO.CASELLA (ID_CASELLA,NOME,POSIZIONE,TIPO_CASELLA,TIPO_NONED,COLORE,TESTO,PREZZO) values ('19','PIAZZA DANTE','19','TERRITORIO',null,'ARANCIONE',null,'200');
Insert into DB_MONO.CASELLA (ID_CASELLA,NOME,POSIZIONE,TIPO_CASELLA,TIPO_NONED,COLORE,TESTO,PREZZO) values ('21','VIA MARCO POLO','21','TERRITORIO',null,'ROSSO',null,'220');
Insert into DB_MONO.CASELLA (ID_CASELLA,NOME,POSIZIONE,TIPO_CASELLA,TIPO_NONED,COLORE,TESTO,PREZZO) values ('23','CORSO MAGELLANO','23','TERRITORIO',null,'ROSSO',null,'220');
Insert into DB_MONO.CASELLA (ID_CASELLA,NOME,POSIZIONE,TIPO_CASELLA,TIPO_NONED,COLORE,TESTO,PREZZO) values ('24','LARGO COLOMBO','24','TERRITORIO',null,'ROSSO',null,'240');
Insert into DB_MONO.CASELLA (ID_CASELLA,NOME,POSIZIONE,TIPO_CASELLA,TIPO_NONED,COLORE,TESTO,PREZZO) values ('26','VIALE COSTANTINO','26','TERRITORIO',null,'GIALLO',null,'260');
Insert into DB_MONO.CASELLA (ID_CASELLA,NOME,POSIZIONE,TIPO_CASELLA,TIPO_NONED,COLORE,TESTO,PREZZO) values ('27','VIALE TRAIANO','27','TERRITORIO',null,'GIALLO',null,'260');
Insert into DB_MONO.CASELLA (ID_CASELLA,NOME,POSIZIONE,TIPO_CASELLA,TIPO_NONED,COLORE,TESTO,PREZZO) values ('29','PIAZZA GIULIO CESARE','29','TERRITORIO',null,'GIALLO',null,'280');
Insert into DB_MONO.CASELLA (ID_CASELLA,NOME,POSIZIONE,TIPO_CASELLA,TIPO_NONED,COLORE,TESTO,PREZZO) values ('31','VIA ROMA','31','TERRITORIO',null,'VERDE',null,'300');
Insert into DB_MONO.CASELLA (ID_CASELLA,NOME,POSIZIONE,TIPO_CASELLA,TIPO_NONED,COLORE,TESTO,PREZZO) values ('32','CORSO IMPERO','32','TERRITORIO',null,'VERDE',null,'300');
Insert into DB_MONO.CASELLA (ID_CASELLA,NOME,POSIZIONE,TIPO_CASELLA,TIPO_NONED,COLORE,TESTO,PREZZO) values ('34','LARGO AUGUSTO','34','TERRITORIO',null,'VERDE',null,'320');
Insert into DB_MONO.CASELLA (ID_CASELLA,NOME,POSIZIONE,TIPO_CASELLA,TIPO_NONED,COLORE,TESTO,PREZZO) values ('37','VIALE DEI GIARDINI','37','TERRITORIO',null,'BLU',null,'350');
Insert into DB_MONO.CASELLA (ID_CASELLA,NOME,POSIZIONE,TIPO_CASELLA,TIPO_NONED,COLORE,TESTO,PREZZO) values ('39','PARCO DELLA VITTORIA','39','TERRITORIO',null,'BLU',null,'400');
Insert into DB_MONO.CASELLA (ID_CASELLA,NOME,POSIZIONE,TIPO_CASELLA,TIPO_NONED,COLORE,TESTO,PREZZO) values ('2','PROBABILITÀ','2','PROBABILITÀ',null,null,null,null);
Insert into DB_MONO.CASELLA (ID_CASELLA,NOME,POSIZIONE,TIPO_CASELLA,TIPO_NONED,COLORE,TESTO,PREZZO) values ('17','PROBABILITÀ','17','PROBABILITÀ',null,null,null,null);
Insert into DB_MONO.CASELLA (ID_CASELLA,NOME,POSIZIONE,TIPO_CASELLA,TIPO_NONED,COLORE,TESTO,PREZZO) values ('33','PROBABILITÀ','33','PROBABILITÀ',null,null,null,null);
Insert into DB_MONO.CASELLA (ID_CASELLA,NOME,POSIZIONE,TIPO_CASELLA,TIPO_NONED,COLORE,TESTO,PREZZO) values ('7','IMPREVISTI','7','IMPREVISTI',null,null,null,null);
Insert into DB_MONO.CASELLA (ID_CASELLA,NOME,POSIZIONE,TIPO_CASELLA,TIPO_NONED,COLORE,TESTO,PREZZO) values ('22','IMPREVISTI','22','IMPREVISTI',null,null,null,null);
Insert into DB_MONO.CASELLA (ID_CASELLA,NOME,POSIZIONE,TIPO_CASELLA,TIPO_NONED,COLORE,TESTO,PREZZO) values ('36','IMPREVISTI','36','IMPREVISTI',null,null,null,null);
Insert into DB_MONO.CASELLA (ID_CASELLA,NOME,POSIZIONE,TIPO_CASELLA,TIPO_NONED,COLORE,TESTO,PREZZO) values ('4','TASSA PATRIMONIALE','4','SPECIALE',null,null,'PAGARE 200$','200');
Insert into DB_MONO.CASELLA (ID_CASELLA,NOME,POSIZIONE,TIPO_CASELLA,TIPO_NONED,COLORE,TESTO,PREZZO) values ('10','TRANSITO','10','SPECIALE',null,null,'IN TRANSITO / PRIGIONE','0');
Insert into DB_MONO.CASELLA (ID_CASELLA,NOME,POSIZIONE,TIPO_CASELLA,TIPO_NONED,COLORE,TESTO,PREZZO) values ('20','PARCHEGGIO','20','SPECIALE',null,null,'PARCHEGGIO GRATUITO','0');
Insert into DB_MONO.CASELLA (ID_CASELLA,NOME,POSIZIONE,TIPO_CASELLA,TIPO_NONED,COLORE,TESTO,PREZZO) values ('38','TASSA DI LUSSO','38','SPECIALE',null,null,'PAGARE 100$','100');
Insert into DB_MONO.CASELLA (ID_CASELLA,NOME,POSIZIONE,TIPO_CASELLA,TIPO_NONED,COLORE,TESTO,PREZZO) values ('40','VIA','40','SPECIALE',null,null,'RITIRATE AL PASSAGGIO 200$','200');
Insert into DB_MONO.CASELLA (ID_CASELLA,NOME,POSIZIONE,TIPO_CASELLA,TIPO_NONED,COLORE,TESTO,PREZZO) values ('5','STAZIONE SUD','5','NON EDIFICABILE','FERROVIA',null,null,'200');
Insert into DB_MONO.CASELLA (ID_CASELLA,NOME,POSIZIONE,TIPO_CASELLA,TIPO_NONED,COLORE,TESTO,PREZZO) values ('15','STAZIONE OVEST','15','NON EDIFICABILE','FERROVIA',null,null,'200');
Insert into DB_MONO.CASELLA (ID_CASELLA,NOME,POSIZIONE,TIPO_CASELLA,TIPO_NONED,COLORE,TESTO,PREZZO) values ('25','STAZIONE NORD','25','NON EDIFICABILE','FERROVIA',null,null,'200');
Insert into DB_MONO.CASELLA (ID_CASELLA,NOME,POSIZIONE,TIPO_CASELLA,TIPO_NONED,COLORE,TESTO,PREZZO) values ('35','STAZIONE EST','35','NON EDIFICABILE','FERROVIA',null,null,'200');
Insert into DB_MONO.CASELLA (ID_CASELLA,NOME,POSIZIONE,TIPO_CASELLA,TIPO_NONED,COLORE,TESTO,PREZZO) values ('28','SOCIETÀ ACQUA POTABILE','28','NON EDIFICABILE','SOCIETÀ',null,null,'150');
Insert into DB_MONO.CASELLA (ID_CASELLA,NOME,POSIZIONE,TIPO_CASELLA,TIPO_NONED,COLORE,TESTO,PREZZO) values ('12','SOCIETÀ ELETTRICA','12','NON EDIFICABILE','SOCIETÀ',null,null,'150');
Insert into DB_MONO.CASELLA (ID_CASELLA,NOME,POSIZIONE,TIPO_CASELLA,TIPO_NONED,COLORE,TESTO,PREZZO) values ('30','IN PRIGIONE','30','SPECIALE',null,null,'IN PRIGIONE','0');
REM INSERTING into DB_MONO.CONTRATTO
SET DEFINE OFF;
Insert into DB_MONO.CONTRATTO (ID_CONTRATTO,NOME,TIPO_CONTRATTO,VALIPOTECARIO,COLORE,RENDITASEMPLICE,RENDITA1CASA,RENDITA2CASE,RENDITA3CASE,RENDITA4CASE,RENDITAALBERGO,PREZZOACQUISTOED,TIPO_NONED,RENDITA2STAZIONI,RENDITA3STAZIONI,RENDITA4STAZIONI,RENDITA2SOCIETA,PREZZO,ID_CASELLA,TESTO1SOCIETA,TESTO2SOCIETA) values ('1','VICOLO CORTO','EDIFICABILE','30','MARRONE','2','10','30','90','160','250','50',null,null,null,null,null,'60','1',null,null);
Insert into DB_MONO.CONTRATTO (ID_CONTRATTO,NOME,TIPO_CONTRATTO,VALIPOTECARIO,COLORE,RENDITASEMPLICE,RENDITA1CASA,RENDITA2CASE,RENDITA3CASE,RENDITA4CASE,RENDITAALBERGO,PREZZOACQUISTOED,TIPO_NONED,RENDITA2STAZIONI,RENDITA3STAZIONI,RENDITA4STAZIONI,RENDITA2SOCIETA,PREZZO,ID_CASELLA,TESTO1SOCIETA,TESTO2SOCIETA) values ('2','VICOLO STRETTO','EDIFICABILE','30','MARRONE','4','20','60','180','320','450','50',null,null,null,null,null,'60','3',null,null);
Insert into DB_MONO.CONTRATTO (ID_CONTRATTO,NOME,TIPO_CONTRATTO,VALIPOTECARIO,COLORE,RENDITASEMPLICE,RENDITA1CASA,RENDITA2CASE,RENDITA3CASE,RENDITA4CASE,RENDITAALBERGO,PREZZOACQUISTOED,TIPO_NONED,RENDITA2STAZIONI,RENDITA3STAZIONI,RENDITA4STAZIONI,RENDITA2SOCIETA,PREZZO,ID_CASELLA,TESTO1SOCIETA,TESTO2SOCIETA) values ('3','BASTIONI GRAN SASSO','EDIFICABILE','50','CELESTE','6','30','90','270','400','550','50',null,null,null,null,null,'100','6',null,null);
Insert into DB_MONO.CONTRATTO (ID_CONTRATTO,NOME,TIPO_CONTRATTO,VALIPOTECARIO,COLORE,RENDITASEMPLICE,RENDITA1CASA,RENDITA2CASE,RENDITA3CASE,RENDITA4CASE,RENDITAALBERGO,PREZZOACQUISTOED,TIPO_NONED,RENDITA2STAZIONI,RENDITA3STAZIONI,RENDITA4STAZIONI,RENDITA2SOCIETA,PREZZO,ID_CASELLA,TESTO1SOCIETA,TESTO2SOCIETA) values ('9','VIA VERDI','EDIFICABILE','90','ARANCIONE','14','70','200','550','750','950','100',null,null,null,null,null,'180','16',null,null);
Insert into DB_MONO.CONTRATTO (ID_CONTRATTO,NOME,TIPO_CONTRATTO,VALIPOTECARIO,COLORE,RENDITASEMPLICE,RENDITA1CASA,RENDITA2CASE,RENDITA3CASE,RENDITA4CASE,RENDITAALBERGO,PREZZOACQUISTOED,TIPO_NONED,RENDITA2STAZIONI,RENDITA3STAZIONI,RENDITA4STAZIONI,RENDITA2SOCIETA,PREZZO,ID_CASELLA,TESTO1SOCIETA,TESTO2SOCIETA) values ('4','VIALE MONTEROSA','EDIFICABILE','50','CELESTE','6','30','90','270','400','550','50',null,null,null,null,null,'100','8',null,null);
Insert into DB_MONO.CONTRATTO (ID_CONTRATTO,NOME,TIPO_CONTRATTO,VALIPOTECARIO,COLORE,RENDITASEMPLICE,RENDITA1CASA,RENDITA2CASE,RENDITA3CASE,RENDITA4CASE,RENDITAALBERGO,PREZZOACQUISTOED,TIPO_NONED,RENDITA2STAZIONI,RENDITA3STAZIONI,RENDITA4STAZIONI,RENDITA2SOCIETA,PREZZO,ID_CASELLA,TESTO1SOCIETA,TESTO2SOCIETA) values ('5','VIALE VESUVIO','EDIFICABILE','60','CELESTE','8','40','100','300','450','600','50',null,null,null,null,null,'120','9',null,null);
Insert into DB_MONO.CONTRATTO (ID_CONTRATTO,NOME,TIPO_CONTRATTO,VALIPOTECARIO,COLORE,RENDITASEMPLICE,RENDITA1CASA,RENDITA2CASE,RENDITA3CASE,RENDITA4CASE,RENDITAALBERGO,PREZZOACQUISTOED,TIPO_NONED,RENDITA2STAZIONI,RENDITA3STAZIONI,RENDITA4STAZIONI,RENDITA2SOCIETA,PREZZO,ID_CASELLA,TESTO1SOCIETA,TESTO2SOCIETA) values ('6','VIA ACCADEMIA','EDIFICABILE','70','FUCSIA','10','50','150','450','625','750','100',null,null,null,null,null,'140','11',null,null);
Insert into DB_MONO.CONTRATTO (ID_CONTRATTO,NOME,TIPO_CONTRATTO,VALIPOTECARIO,COLORE,RENDITASEMPLICE,RENDITA1CASA,RENDITA2CASE,RENDITA3CASE,RENDITA4CASE,RENDITAALBERGO,PREZZOACQUISTOED,TIPO_NONED,RENDITA2STAZIONI,RENDITA3STAZIONI,RENDITA4STAZIONI,RENDITA2SOCIETA,PREZZO,ID_CASELLA,TESTO1SOCIETA,TESTO2SOCIETA) values ('10','CORSO RAFFAELLO','EDIFICABILE','90','ARANCIONE','14','70','200','550','750','950','100',null,null,null,null,null,'180','18',null,null);
Insert into DB_MONO.CONTRATTO (ID_CONTRATTO,NOME,TIPO_CONTRATTO,VALIPOTECARIO,COLORE,RENDITASEMPLICE,RENDITA1CASA,RENDITA2CASE,RENDITA3CASE,RENDITA4CASE,RENDITAALBERGO,PREZZOACQUISTOED,TIPO_NONED,RENDITA2STAZIONI,RENDITA3STAZIONI,RENDITA4STAZIONI,RENDITA2SOCIETA,PREZZO,ID_CASELLA,TESTO1SOCIETA,TESTO2SOCIETA) values ('11','PIAZZA DANTE','EDIFICABILE','100','ARANCIONE','16','80','220','600','800','1000','100',null,null,null,null,null,'200','19',null,null);
Insert into DB_MONO.CONTRATTO (ID_CONTRATTO,NOME,TIPO_CONTRATTO,VALIPOTECARIO,COLORE,RENDITASEMPLICE,RENDITA1CASA,RENDITA2CASE,RENDITA3CASE,RENDITA4CASE,RENDITAALBERGO,PREZZOACQUISTOED,TIPO_NONED,RENDITA2STAZIONI,RENDITA3STAZIONI,RENDITA4STAZIONI,RENDITA2SOCIETA,PREZZO,ID_CASELLA,TESTO1SOCIETA,TESTO2SOCIETA) values ('12','VIA MARCO POLO','EDIFICABILE','110','ROSSO','18','90','250','700','875','1050','150',null,null,null,null,null,'220','21',null,null);
Insert into DB_MONO.CONTRATTO (ID_CONTRATTO,NOME,TIPO_CONTRATTO,VALIPOTECARIO,COLORE,RENDITASEMPLICE,RENDITA1CASA,RENDITA2CASE,RENDITA3CASE,RENDITA4CASE,RENDITAALBERGO,PREZZOACQUISTOED,TIPO_NONED,RENDITA2STAZIONI,RENDITA3STAZIONI,RENDITA4STAZIONI,RENDITA2SOCIETA,PREZZO,ID_CASELLA,TESTO1SOCIETA,TESTO2SOCIETA) values ('13','CORSO MAGELLANO','EDIFICABILE','110','ROSSO','18','90','250','700','875','1050','150',null,null,null,null,null,'220','23',null,null);
Insert into DB_MONO.CONTRATTO (ID_CONTRATTO,NOME,TIPO_CONTRATTO,VALIPOTECARIO,COLORE,RENDITASEMPLICE,RENDITA1CASA,RENDITA2CASE,RENDITA3CASE,RENDITA4CASE,RENDITAALBERGO,PREZZOACQUISTOED,TIPO_NONED,RENDITA2STAZIONI,RENDITA3STAZIONI,RENDITA4STAZIONI,RENDITA2SOCIETA,PREZZO,ID_CASELLA,TESTO1SOCIETA,TESTO2SOCIETA) values ('7','LARGO COLOMBO','EDIFICABILE','120','ROSSO','20','100','300','750','925','1100','150',null,null,null,null,null,'240','24',null,null);
Insert into DB_MONO.CONTRATTO (ID_CONTRATTO,NOME,TIPO_CONTRATTO,VALIPOTECARIO,COLORE,RENDITASEMPLICE,RENDITA1CASA,RENDITA2CASE,RENDITA3CASE,RENDITA4CASE,RENDITAALBERGO,PREZZOACQUISTOED,TIPO_NONED,RENDITA2STAZIONI,RENDITA3STAZIONI,RENDITA4STAZIONI,RENDITA2SOCIETA,PREZZO,ID_CASELLA,TESTO1SOCIETA,TESTO2SOCIETA) values ('8','VIALE COSTANTINO','EDIFICABILE','130','GIALLO','22','110','330','800','975','1150','150',null,null,null,null,null,'260','26',null,null);
Insert into DB_MONO.CONTRATTO (ID_CONTRATTO,NOME,TIPO_CONTRATTO,VALIPOTECARIO,COLORE,RENDITASEMPLICE,RENDITA1CASA,RENDITA2CASE,RENDITA3CASE,RENDITA4CASE,RENDITAALBERGO,PREZZOACQUISTOED,TIPO_NONED,RENDITA2STAZIONI,RENDITA3STAZIONI,RENDITA4STAZIONI,RENDITA2SOCIETA,PREZZO,ID_CASELLA,TESTO1SOCIETA,TESTO2SOCIETA) values ('14','VIALE TRAIANO','EDIFICABILE','130','GIALLO','22','110','330','800','975','1150','150',null,null,null,null,null,'260','27',null,null);
Insert into DB_MONO.CONTRATTO (ID_CONTRATTO,NOME,TIPO_CONTRATTO,VALIPOTECARIO,COLORE,RENDITASEMPLICE,RENDITA1CASA,RENDITA2CASE,RENDITA3CASE,RENDITA4CASE,RENDITAALBERGO,PREZZOACQUISTOED,TIPO_NONED,RENDITA2STAZIONI,RENDITA3STAZIONI,RENDITA4STAZIONI,RENDITA2SOCIETA,PREZZO,ID_CASELLA,TESTO1SOCIETA,TESTO2SOCIETA) values ('15','PIAZZA GIULIO CESARE','EDIFICABILE','140','GIALLO','24','120','360','850','1025','1200','150',null,null,null,null,null,'280','29',null,null);
Insert into DB_MONO.CONTRATTO (ID_CONTRATTO,NOME,TIPO_CONTRATTO,VALIPOTECARIO,COLORE,RENDITASEMPLICE,RENDITA1CASA,RENDITA2CASE,RENDITA3CASE,RENDITA4CASE,RENDITAALBERGO,PREZZOACQUISTOED,TIPO_NONED,RENDITA2STAZIONI,RENDITA3STAZIONI,RENDITA4STAZIONI,RENDITA2SOCIETA,PREZZO,ID_CASELLA,TESTO1SOCIETA,TESTO2SOCIETA) values ('16','VIA ROMA','EDIFICABILE','150','VERDE','26','130','390','900','1100','1275','200',null,null,null,null,null,'300','31',null,null);
Insert into DB_MONO.CONTRATTO (ID_CONTRATTO,NOME,TIPO_CONTRATTO,VALIPOTECARIO,COLORE,RENDITASEMPLICE,RENDITA1CASA,RENDITA2CASE,RENDITA3CASE,RENDITA4CASE,RENDITAALBERGO,PREZZOACQUISTOED,TIPO_NONED,RENDITA2STAZIONI,RENDITA3STAZIONI,RENDITA4STAZIONI,RENDITA2SOCIETA,PREZZO,ID_CASELLA,TESTO1SOCIETA,TESTO2SOCIETA) values ('17','CORSO IMPERO','EDIFICABILE','150','VERDE','26','130','390','900','1100','1275','200',null,null,null,null,null,'300','32',null,null);
Insert into DB_MONO.CONTRATTO (ID_CONTRATTO,NOME,TIPO_CONTRATTO,VALIPOTECARIO,COLORE,RENDITASEMPLICE,RENDITA1CASA,RENDITA2CASE,RENDITA3CASE,RENDITA4CASE,RENDITAALBERGO,PREZZOACQUISTOED,TIPO_NONED,RENDITA2STAZIONI,RENDITA3STAZIONI,RENDITA4STAZIONI,RENDITA2SOCIETA,PREZZO,ID_CASELLA,TESTO1SOCIETA,TESTO2SOCIETA) values ('18','LARGO AUGUSTO','EDIFICABILE','160','VERDE','28','150','450','1000','1200','1400','200',null,null,null,null,null,'320','34',null,null);
Insert into DB_MONO.CONTRATTO (ID_CONTRATTO,NOME,TIPO_CONTRATTO,VALIPOTECARIO,COLORE,RENDITASEMPLICE,RENDITA1CASA,RENDITA2CASE,RENDITA3CASE,RENDITA4CASE,RENDITAALBERGO,PREZZOACQUISTOED,TIPO_NONED,RENDITA2STAZIONI,RENDITA3STAZIONI,RENDITA4STAZIONI,RENDITA2SOCIETA,PREZZO,ID_CASELLA,TESTO1SOCIETA,TESTO2SOCIETA) values ('19','VIALE DEI GIARDINI','EDIFICABILE','175','BLU','35','175','500','1100','1300','1500','200',null,null,null,null,null,'350','37',null,null);
Insert into DB_MONO.CONTRATTO (ID_CONTRATTO,NOME,TIPO_CONTRATTO,VALIPOTECARIO,COLORE,RENDITASEMPLICE,RENDITA1CASA,RENDITA2CASE,RENDITA3CASE,RENDITA4CASE,RENDITAALBERGO,PREZZOACQUISTOED,TIPO_NONED,RENDITA2STAZIONI,RENDITA3STAZIONI,RENDITA4STAZIONI,RENDITA2SOCIETA,PREZZO,ID_CASELLA,TESTO1SOCIETA,TESTO2SOCIETA) values ('20','PARCO DELLA VITTORIA','EDIFICABILE','200','BLU','50','200','600','1400','1700','2000','200',null,null,null,null,null,'400','39',null,null);
Insert into DB_MONO.CONTRATTO (ID_CONTRATTO,NOME,TIPO_CONTRATTO,VALIPOTECARIO,COLORE,RENDITASEMPLICE,RENDITA1CASA,RENDITA2CASE,RENDITA3CASE,RENDITA4CASE,RENDITAALBERGO,PREZZOACQUISTOED,TIPO_NONED,RENDITA2STAZIONI,RENDITA3STAZIONI,RENDITA4STAZIONI,RENDITA2SOCIETA,PREZZO,ID_CASELLA,TESTO1SOCIETA,TESTO2SOCIETA) values ('21','STAZIONE SUD','NON EDIFICABILE','75',null,'25',null,null,null,null,null,null,'FERROVIA','50','100','200',null,'200','5',null,null);
Insert into DB_MONO.CONTRATTO (ID_CONTRATTO,NOME,TIPO_CONTRATTO,VALIPOTECARIO,COLORE,RENDITASEMPLICE,RENDITA1CASA,RENDITA2CASE,RENDITA3CASE,RENDITA4CASE,RENDITAALBERGO,PREZZOACQUISTOED,TIPO_NONED,RENDITA2STAZIONI,RENDITA3STAZIONI,RENDITA4STAZIONI,RENDITA2SOCIETA,PREZZO,ID_CASELLA,TESTO1SOCIETA,TESTO2SOCIETA) values ('22','STAZIONE OVEST','NON EDIFICABILE','75',null,'25',null,null,null,null,null,null,'FERROVIA','50','100','200',null,'200','15',null,null);
Insert into DB_MONO.CONTRATTO (ID_CONTRATTO,NOME,TIPO_CONTRATTO,VALIPOTECARIO,COLORE,RENDITASEMPLICE,RENDITA1CASA,RENDITA2CASE,RENDITA3CASE,RENDITA4CASE,RENDITAALBERGO,PREZZOACQUISTOED,TIPO_NONED,RENDITA2STAZIONI,RENDITA3STAZIONI,RENDITA4STAZIONI,RENDITA2SOCIETA,PREZZO,ID_CASELLA,TESTO1SOCIETA,TESTO2SOCIETA) values ('23','STAZIONE NORD','NON EDIFICABILE','75',null,'25',null,null,null,null,null,null,'FERROVIA','50','100','200',null,'200','25',null,null);
Insert into DB_MONO.CONTRATTO (ID_CONTRATTO,NOME,TIPO_CONTRATTO,VALIPOTECARIO,COLORE,RENDITASEMPLICE,RENDITA1CASA,RENDITA2CASE,RENDITA3CASE,RENDITA4CASE,RENDITAALBERGO,PREZZOACQUISTOED,TIPO_NONED,RENDITA2STAZIONI,RENDITA3STAZIONI,RENDITA4STAZIONI,RENDITA2SOCIETA,PREZZO,ID_CASELLA,TESTO1SOCIETA,TESTO2SOCIETA) values ('24','STAZIONE EST','NON EDIFICABILE','75',null,'25',null,null,null,null,null,null,'FERROVIA','50','100','200',null,'200','35',null,null);
Insert into DB_MONO.CONTRATTO (ID_CONTRATTO,NOME,TIPO_CONTRATTO,VALIPOTECARIO,COLORE,RENDITASEMPLICE,RENDITA1CASA,RENDITA2CASE,RENDITA3CASE,RENDITA4CASE,RENDITAALBERGO,PREZZOACQUISTOED,TIPO_NONED,RENDITA2STAZIONI,RENDITA3STAZIONI,RENDITA4STAZIONI,RENDITA2SOCIETA,PREZZO,ID_CASELLA,TESTO1SOCIETA,TESTO2SOCIETA) values ('25','CORSO ATENEO','EDIFICABILE','70','FUCSIA','10','50','150','450','625','750','100',null,null,null,null,null,'140','13',null,null);
Insert into DB_MONO.CONTRATTO (ID_CONTRATTO,NOME,TIPO_CONTRATTO,VALIPOTECARIO,COLORE,RENDITASEMPLICE,RENDITA1CASA,RENDITA2CASE,RENDITA3CASE,RENDITA4CASE,RENDITAALBERGO,PREZZOACQUISTOED,TIPO_NONED,RENDITA2STAZIONI,RENDITA3STAZIONI,RENDITA4STAZIONI,RENDITA2SOCIETA,PREZZO,ID_CASELLA,TESTO1SOCIETA,TESTO2SOCIETA) values ('26','PIAZZA UNIVERSITÀ','EDIFICABILE','80','FUCSIA','12','60','180','500','700','900','100',null,null,null,null,null,'160','14',null,null);
Insert into DB_MONO.CONTRATTO (ID_CONTRATTO,NOME,TIPO_CONTRATTO,VALIPOTECARIO,COLORE,RENDITASEMPLICE,RENDITA1CASA,RENDITA2CASE,RENDITA3CASE,RENDITA4CASE,RENDITAALBERGO,PREZZOACQUISTOED,TIPO_NONED,RENDITA2STAZIONI,RENDITA3STAZIONI,RENDITA4STAZIONI,RENDITA2SOCIETA,PREZZO,ID_CASELLA,TESTO1SOCIETA,TESTO2SOCIETA) values ('27','SOCIETÀ ELETTRICA','NON EDIFICABILE','75',null,'4',null,null,null,null,null,null,'SOCIETÀ',null,null,null,'10','150','12','Se si possiede una Società, la rendita è 4 volte il totale uscito sui dadi','Se si posseggono entrambe le Società, la rendita è 10 volte il totale uscito sui dadi');
Insert into DB_MONO.CONTRATTO (ID_CONTRATTO,NOME,TIPO_CONTRATTO,VALIPOTECARIO,COLORE,RENDITASEMPLICE,RENDITA1CASA,RENDITA2CASE,RENDITA3CASE,RENDITA4CASE,RENDITAALBERGO,PREZZOACQUISTOED,TIPO_NONED,RENDITA2STAZIONI,RENDITA3STAZIONI,RENDITA4STAZIONI,RENDITA2SOCIETA,PREZZO,ID_CASELLA,TESTO1SOCIETA,TESTO2SOCIETA) values ('28','SOCIETÀ ACQUA POTABILE','NON EDIFICABILE','75',null,'4',null,null,null,null,null,null,'SOCIETÀ',null,null,null,'10','150','28','Se si possiede una sola Società, la rendita è 4 volte il totale uscito sui dadi','Se si posseggono entrambe le Società, la rendita è 10 volte il totale uscito sui dadi');
REM INSERTING into DB_MONO.GIOCATORE
SET DEFINE OFF;
Insert into DB_MONO.GIOCATORE (ID_GIOCATORE,NOME) values ('4','rita');
Insert into DB_MONO.GIOCATORE (ID_GIOCATORE,NOME) values ('5','michele');
Insert into DB_MONO.GIOCATORE (ID_GIOCATORE,NOME) values ('6','luigi');
Insert into DB_MONO.GIOCATORE (ID_GIOCATORE,NOME) values ('7','francesco');
Insert into DB_MONO.GIOCATORE (ID_GIOCATORE,NOME) values ('8','mirko');
Insert into DB_MONO.GIOCATORE (ID_GIOCATORE,NOME) values ('9','giovanni');
Insert into DB_MONO.GIOCATORE (ID_GIOCATORE,NOME) values ('10','adriana');
Insert into DB_MONO.GIOCATORE (ID_GIOCATORE,NOME) values ('11','jasmine');
Insert into DB_MONO.GIOCATORE (ID_GIOCATORE,NOME) values ('12','eugenia');
Insert into DB_MONO.GIOCATORE (ID_GIOCATORE,NOME) values ('13','valeria');
Insert into DB_MONO.GIOCATORE (ID_GIOCATORE,NOME) values ('14','lia');
Insert into DB_MONO.GIOCATORE (ID_GIOCATORE,NOME) values ('15','elena');
Insert into DB_MONO.GIOCATORE (ID_GIOCATORE,NOME) values ('3','manuel');
Insert into DB_MONO.GIOCATORE (ID_GIOCATORE,NOME) values ('1','gigix');
Insert into DB_MONO.GIOCATORE (ID_GIOCATORE,NOME) values ('16','catello');
Insert into DB_MONO.GIOCATORE (ID_GIOCATORE,NOME) values ('17','alessia');
Insert into DB_MONO.GIOCATORE (ID_GIOCATORE,NOME) values ('18','alex');
Insert into DB_MONO.GIOCATORE (ID_GIOCATORE,NOME) values ('19','step');
Insert into DB_MONO.GIOCATORE (ID_GIOCATORE,NOME) values ('20','walter');
Insert into DB_MONO.GIOCATORE (ID_GIOCATORE,NOME) values ('21','genni');
Insert into DB_MONO.GIOCATORE (ID_GIOCATORE,NOME) values ('2','giangi');
Insert into DB_MONO.GIOCATORE (ID_GIOCATORE,NOME) values ('22','marco');
Insert into DB_MONO.GIOCATORE (ID_GIOCATORE,NOME) values ('23','luca');
Insert into DB_MONO.GIOCATORE (ID_GIOCATORE,NOME) values ('24','annalisa');
Insert into DB_MONO.GIOCATORE (ID_GIOCATORE,NOME) values ('25','alessandra');
Insert into DB_MONO.GIOCATORE (ID_GIOCATORE,NOME) values ('26','noemi');
Insert into DB_MONO.GIOCATORE (ID_GIOCATORE,NOME) values ('27','cucci');
Insert into DB_MONO.GIOCATORE (ID_GIOCATORE,NOME) values ('28','maria');
Insert into DB_MONO.GIOCATORE (ID_GIOCATORE,NOME) values ('29','catello');
REM INSERTING into DB_MONO.MOSSA
SET DEFINE OFF;
Insert into DB_MONO.MOSSA (ID_MOSSA,TURNO,ORDINE,TIPO_MOSSA,DADO1,DADO2,TIPO_PAGAMENTO,PAGAMENTO_DATO,PAGAMENTO_RICEVUTO,ID_PARTITA,ID_GIOCATORE,CASELLA_PARTENZA,CASELLA_ARRIVO,ID_POSSEDIMENTO,ID_CARTA) values ('173','31','4','PAGAMENTO',null,null,'VERSO GIOCATORE','8','0','1','2',null,null,null,null);
Insert into DB_MONO.MOSSA (ID_MOSSA,TURNO,ORDINE,TIPO_MOSSA,DADO1,DADO2,TIPO_PAGAMENTO,PAGAMENTO_DATO,PAGAMENTO_RICEVUTO,ID_PARTITA,ID_GIOCATORE,CASELLA_PARTENZA,CASELLA_ARRIVO,ID_POSSEDIMENTO,ID_CARTA) values ('174','31','5','MOVIMENTO','2','3',null,null,null,'1','3','9','14',null,null);
Insert into DB_MONO.MOSSA (ID_MOSSA,TURNO,ORDINE,TIPO_MOSSA,DADO1,DADO2,TIPO_PAGAMENTO,PAGAMENTO_DATO,PAGAMENTO_RICEVUTO,ID_PARTITA,ID_GIOCATORE,CASELLA_PARTENZA,CASELLA_ARRIVO,ID_POSSEDIMENTO,ID_CARTA) values ('175','32','1','MOVIMENTO','2','3',null,null,null,'1','1','18','23',null,null);
Insert into DB_MONO.MOSSA (ID_MOSSA,TURNO,ORDINE,TIPO_MOSSA,DADO1,DADO2,TIPO_PAGAMENTO,PAGAMENTO_DATO,PAGAMENTO_RICEVUTO,ID_PARTITA,ID_GIOCATORE,CASELLA_PARTENZA,CASELLA_ARRIVO,ID_POSSEDIMENTO,ID_CARTA) values ('176','32','2','MOVIMENTO','3','5',null,null,null,'1','2','9','17',null,'4');
Insert into DB_MONO.MOSSA (ID_MOSSA,TURNO,ORDINE,TIPO_MOSSA,DADO1,DADO2,TIPO_PAGAMENTO,PAGAMENTO_DATO,PAGAMENTO_RICEVUTO,ID_PARTITA,ID_GIOCATORE,CASELLA_PARTENZA,CASELLA_ARRIVO,ID_POSSEDIMENTO,ID_CARTA) values ('177','32','3','PAGAMENTO',null,null,'GENERICO','50','0','1','2',null,null,null,null);
Insert into DB_MONO.MOSSA (ID_MOSSA,TURNO,ORDINE,TIPO_MOSSA,DADO1,DADO2,TIPO_PAGAMENTO,PAGAMENTO_DATO,PAGAMENTO_RICEVUTO,ID_PARTITA,ID_GIOCATORE,CASELLA_PARTENZA,CASELLA_ARRIVO,ID_POSSEDIMENTO,ID_CARTA) values ('178','32','4','MOVIMENTO','1','5',null,null,null,'1','3','14','20',null,null);
Insert into DB_MONO.MOSSA (ID_MOSSA,TURNO,ORDINE,TIPO_MOSSA,DADO1,DADO2,TIPO_PAGAMENTO,PAGAMENTO_DATO,PAGAMENTO_RICEVUTO,ID_PARTITA,ID_GIOCATORE,CASELLA_PARTENZA,CASELLA_ARRIVO,ID_POSSEDIMENTO,ID_CARTA) values ('179','33','1','MOVIMENTO','5','4',null,null,null,'1','1','23','32',null,null);
Insert into DB_MONO.MOSSA (ID_MOSSA,TURNO,ORDINE,TIPO_MOSSA,DADO1,DADO2,TIPO_PAGAMENTO,PAGAMENTO_DATO,PAGAMENTO_RICEVUTO,ID_PARTITA,ID_GIOCATORE,CASELLA_PARTENZA,CASELLA_ARRIVO,ID_POSSEDIMENTO,ID_CARTA) values ('180','33','2','PAGAMENTO',null,null,'VERSO GIOCATORE','130','0','1','1',null,null,null,null);
Insert into DB_MONO.MOSSA (ID_MOSSA,TURNO,ORDINE,TIPO_MOSSA,DADO1,DADO2,TIPO_PAGAMENTO,PAGAMENTO_DATO,PAGAMENTO_RICEVUTO,ID_PARTITA,ID_GIOCATORE,CASELLA_PARTENZA,CASELLA_ARRIVO,ID_POSSEDIMENTO,ID_CARTA) values ('181','33','3','MOVIMENTO','4','5',null,null,null,'1','2','17','26',null,null);
Insert into DB_MONO.MOSSA (ID_MOSSA,TURNO,ORDINE,TIPO_MOSSA,DADO1,DADO2,TIPO_PAGAMENTO,PAGAMENTO_DATO,PAGAMENTO_RICEVUTO,ID_PARTITA,ID_GIOCATORE,CASELLA_PARTENZA,CASELLA_ARRIVO,ID_POSSEDIMENTO,ID_CARTA) values ('182','33','4','PAGAMENTO',null,null,'VERSO BANCA','150','0','1','2',null,null,'29',null);
Insert into DB_MONO.MOSSA (ID_MOSSA,TURNO,ORDINE,TIPO_MOSSA,DADO1,DADO2,TIPO_PAGAMENTO,PAGAMENTO_DATO,PAGAMENTO_RICEVUTO,ID_PARTITA,ID_GIOCATORE,CASELLA_PARTENZA,CASELLA_ARRIVO,ID_POSSEDIMENTO,ID_CARTA) values ('183','33','5','MOVIMENTO','2','1',null,null,null,'1','3','20','23',null,null);
Insert into DB_MONO.MOSSA (ID_MOSSA,TURNO,ORDINE,TIPO_MOSSA,DADO1,DADO2,TIPO_PAGAMENTO,PAGAMENTO_DATO,PAGAMENTO_RICEVUTO,ID_PARTITA,ID_GIOCATORE,CASELLA_PARTENZA,CASELLA_ARRIVO,ID_POSSEDIMENTO,ID_CARTA) values ('184','34','1','MOVIMENTO','5','4',null,null,null,'1','1','32','1',null,null);
Insert into DB_MONO.MOSSA (ID_MOSSA,TURNO,ORDINE,TIPO_MOSSA,DADO1,DADO2,TIPO_PAGAMENTO,PAGAMENTO_DATO,PAGAMENTO_RICEVUTO,ID_PARTITA,ID_GIOCATORE,CASELLA_PARTENZA,CASELLA_ARRIVO,ID_POSSEDIMENTO,ID_CARTA) values ('185','34','2','PAGAMENTO',null,null,'VERSO BANCA','0','200','1','1',null,null,null,null);
Insert into DB_MONO.MOSSA (ID_MOSSA,TURNO,ORDINE,TIPO_MOSSA,DADO1,DADO2,TIPO_PAGAMENTO,PAGAMENTO_DATO,PAGAMENTO_RICEVUTO,ID_PARTITA,ID_GIOCATORE,CASELLA_PARTENZA,CASELLA_ARRIVO,ID_POSSEDIMENTO,ID_CARTA) values ('186','34','3','MOVIMENTO','5','3',null,null,null,'1','2','26','34',null,null);
Insert into DB_MONO.MOSSA (ID_MOSSA,TURNO,ORDINE,TIPO_MOSSA,DADO1,DADO2,TIPO_PAGAMENTO,PAGAMENTO_DATO,PAGAMENTO_RICEVUTO,ID_PARTITA,ID_GIOCATORE,CASELLA_PARTENZA,CASELLA_ARRIVO,ID_POSSEDIMENTO,ID_CARTA) values ('187','34','4','PAGAMENTO',null,null,'VERSO BANCA','200','0','1','2',null,null,'30',null);
Insert into DB_MONO.MOSSA (ID_MOSSA,TURNO,ORDINE,TIPO_MOSSA,DADO1,DADO2,TIPO_PAGAMENTO,PAGAMENTO_DATO,PAGAMENTO_RICEVUTO,ID_PARTITA,ID_GIOCATORE,CASELLA_PARTENZA,CASELLA_ARRIVO,ID_POSSEDIMENTO,ID_CARTA) values ('188','34','5','MOVIMENTO','5','2',null,null,null,'1','3','23','30',null,null);
Insert into DB_MONO.MOSSA (ID_MOSSA,TURNO,ORDINE,TIPO_MOSSA,DADO1,DADO2,TIPO_PAGAMENTO,PAGAMENTO_DATO,PAGAMENTO_RICEVUTO,ID_PARTITA,ID_GIOCATORE,CASELLA_PARTENZA,CASELLA_ARRIVO,ID_POSSEDIMENTO,ID_CARTA) values ('189','35','1','MOVIMENTO','2','3',null,null,null,'1','1','1','6',null,null);
Insert into DB_MONO.MOSSA (ID_MOSSA,TURNO,ORDINE,TIPO_MOSSA,DADO1,DADO2,TIPO_PAGAMENTO,PAGAMENTO_DATO,PAGAMENTO_RICEVUTO,ID_PARTITA,ID_GIOCATORE,CASELLA_PARTENZA,CASELLA_ARRIVO,ID_POSSEDIMENTO,ID_CARTA) values ('190','35','2','MOVIMENTO','5','1',null,null,null,'1','2','34','40',null,null);
Insert into DB_MONO.MOSSA (ID_MOSSA,TURNO,ORDINE,TIPO_MOSSA,DADO1,DADO2,TIPO_PAGAMENTO,PAGAMENTO_DATO,PAGAMENTO_RICEVUTO,ID_PARTITA,ID_GIOCATORE,CASELLA_PARTENZA,CASELLA_ARRIVO,ID_POSSEDIMENTO,ID_CARTA) values ('191','36','1','MOVIMENTO','3','4',null,null,null,'1','1','6','13',null,null);
Insert into DB_MONO.MOSSA (ID_MOSSA,TURNO,ORDINE,TIPO_MOSSA,DADO1,DADO2,TIPO_PAGAMENTO,PAGAMENTO_DATO,PAGAMENTO_RICEVUTO,ID_PARTITA,ID_GIOCATORE,CASELLA_PARTENZA,CASELLA_ARRIVO,ID_POSSEDIMENTO,ID_CARTA) values ('192','36','2','PAGAMENTO',null,null,'VERSO GIOCATORE','10','0','1','1',null,null,null,null);
Insert into DB_MONO.MOSSA (ID_MOSSA,TURNO,ORDINE,TIPO_MOSSA,DADO1,DADO2,TIPO_PAGAMENTO,PAGAMENTO_DATO,PAGAMENTO_RICEVUTO,ID_PARTITA,ID_GIOCATORE,CASELLA_PARTENZA,CASELLA_ARRIVO,ID_POSSEDIMENTO,ID_CARTA) values ('193','36','3','MOVIMENTO','5','2',null,null,null,'1','2','40','7',null,'12');
Insert into DB_MONO.MOSSA (ID_MOSSA,TURNO,ORDINE,TIPO_MOSSA,DADO1,DADO2,TIPO_PAGAMENTO,PAGAMENTO_DATO,PAGAMENTO_RICEVUTO,ID_PARTITA,ID_GIOCATORE,CASELLA_PARTENZA,CASELLA_ARRIVO,ID_POSSEDIMENTO,ID_CARTA) values ('194','36','4','PAGAMENTO',null,null,'VERSO BANCA','0','200','1','2',null,null,null,null);
Insert into DB_MONO.MOSSA (ID_MOSSA,TURNO,ORDINE,TIPO_MOSSA,DADO1,DADO2,TIPO_PAGAMENTO,PAGAMENTO_DATO,PAGAMENTO_RICEVUTO,ID_PARTITA,ID_GIOCATORE,CASELLA_PARTENZA,CASELLA_ARRIVO,ID_POSSEDIMENTO,ID_CARTA) values ('195','36','5','PAGAMENTO',null,null,'GENERICO','0','150','1','2',null,null,null,null);
Insert into DB_MONO.MOSSA (ID_MOSSA,TURNO,ORDINE,TIPO_MOSSA,DADO1,DADO2,TIPO_PAGAMENTO,PAGAMENTO_DATO,PAGAMENTO_RICEVUTO,ID_PARTITA,ID_GIOCATORE,CASELLA_PARTENZA,CASELLA_ARRIVO,ID_POSSEDIMENTO,ID_CARTA) values ('196','37','1','MOVIMENTO','4','2',null,null,null,'1','1','13','19',null,null);
Insert into DB_MONO.MOSSA (ID_MOSSA,TURNO,ORDINE,TIPO_MOSSA,DADO1,DADO2,TIPO_PAGAMENTO,PAGAMENTO_DATO,PAGAMENTO_RICEVUTO,ID_PARTITA,ID_GIOCATORE,CASELLA_PARTENZA,CASELLA_ARRIVO,ID_POSSEDIMENTO,ID_CARTA) values ('197','37','2','PAGAMENTO',null,null,'VERSO BANCA','100','0','1','1',null,null,'31',null);
Insert into DB_MONO.MOSSA (ID_MOSSA,TURNO,ORDINE,TIPO_MOSSA,DADO1,DADO2,TIPO_PAGAMENTO,PAGAMENTO_DATO,PAGAMENTO_RICEVUTO,ID_PARTITA,ID_GIOCATORE,CASELLA_PARTENZA,CASELLA_ARRIVO,ID_POSSEDIMENTO,ID_CARTA) values ('198','37','3','MOVIMENTO','5','2',null,null,null,'1','2','7','14',null,null);
Insert into DB_MONO.MOSSA (ID_MOSSA,TURNO,ORDINE,TIPO_MOSSA,DADO1,DADO2,TIPO_PAGAMENTO,PAGAMENTO_DATO,PAGAMENTO_RICEVUTO,ID_PARTITA,ID_GIOCATORE,CASELLA_PARTENZA,CASELLA_ARRIVO,ID_POSSEDIMENTO,ID_CARTA) values ('199','37','4','PAGAMENTO',null,null,'VERSO GIOCATORE','12','0','1','2',null,null,null,null);
Insert into DB_MONO.MOSSA (ID_MOSSA,TURNO,ORDINE,TIPO_MOSSA,DADO1,DADO2,TIPO_PAGAMENTO,PAGAMENTO_DATO,PAGAMENTO_RICEVUTO,ID_PARTITA,ID_GIOCATORE,CASELLA_PARTENZA,CASELLA_ARRIVO,ID_POSSEDIMENTO,ID_CARTA) values ('200','37','5','PAGAMENTO',null,null,'VERSO BANCA','50','0','1','3',null,null,null,null);
Insert into DB_MONO.MOSSA (ID_MOSSA,TURNO,ORDINE,TIPO_MOSSA,DADO1,DADO2,TIPO_PAGAMENTO,PAGAMENTO_DATO,PAGAMENTO_RICEVUTO,ID_PARTITA,ID_GIOCATORE,CASELLA_PARTENZA,CASELLA_ARRIVO,ID_POSSEDIMENTO,ID_CARTA) values ('203','1','1','MOVIMENTO','1','3',null,null,null,'2','6','40','4',null,null);
Insert into DB_MONO.MOSSA (ID_MOSSA,TURNO,ORDINE,TIPO_MOSSA,DADO1,DADO2,TIPO_PAGAMENTO,PAGAMENTO_DATO,PAGAMENTO_RICEVUTO,ID_PARTITA,ID_GIOCATORE,CASELLA_PARTENZA,CASELLA_ARRIVO,ID_POSSEDIMENTO,ID_CARTA) values ('204','1','2','PAGAMENTO',null,null,'GENERICO','200','0','2','6',null,null,null,null);
Insert into DB_MONO.MOSSA (ID_MOSSA,TURNO,ORDINE,TIPO_MOSSA,DADO1,DADO2,TIPO_PAGAMENTO,PAGAMENTO_DATO,PAGAMENTO_RICEVUTO,ID_PARTITA,ID_GIOCATORE,CASELLA_PARTENZA,CASELLA_ARRIVO,ID_POSSEDIMENTO,ID_CARTA) values ('205','1','3','MOVIMENTO','3','3',null,null,null,'2','7','40','6',null,null);
Insert into DB_MONO.MOSSA (ID_MOSSA,TURNO,ORDINE,TIPO_MOSSA,DADO1,DADO2,TIPO_PAGAMENTO,PAGAMENTO_DATO,PAGAMENTO_RICEVUTO,ID_PARTITA,ID_GIOCATORE,CASELLA_PARTENZA,CASELLA_ARRIVO,ID_POSSEDIMENTO,ID_CARTA) values ('206','1','4','PAGAMENTO',null,null,'VERSO BANCA','100','0','2','7',null,null,'33',null);
Insert into DB_MONO.MOSSA (ID_MOSSA,TURNO,ORDINE,TIPO_MOSSA,DADO1,DADO2,TIPO_PAGAMENTO,PAGAMENTO_DATO,PAGAMENTO_RICEVUTO,ID_PARTITA,ID_GIOCATORE,CASELLA_PARTENZA,CASELLA_ARRIVO,ID_POSSEDIMENTO,ID_CARTA) values ('207','1','5','MOVIMENTO','5','3',null,null,null,'2','8','40','8',null,null);
Insert into DB_MONO.MOSSA (ID_MOSSA,TURNO,ORDINE,TIPO_MOSSA,DADO1,DADO2,TIPO_PAGAMENTO,PAGAMENTO_DATO,PAGAMENTO_RICEVUTO,ID_PARTITA,ID_GIOCATORE,CASELLA_PARTENZA,CASELLA_ARRIVO,ID_POSSEDIMENTO,ID_CARTA) values ('208','1','6','MOVIMENTO','5','4',null,null,null,'2','9','40','9',null,null);
Insert into DB_MONO.MOSSA (ID_MOSSA,TURNO,ORDINE,TIPO_MOSSA,DADO1,DADO2,TIPO_PAGAMENTO,PAGAMENTO_DATO,PAGAMENTO_RICEVUTO,ID_PARTITA,ID_GIOCATORE,CASELLA_PARTENZA,CASELLA_ARRIVO,ID_POSSEDIMENTO,ID_CARTA) values ('209','2','1','MOVIMENTO','3','2',null,null,null,'2','6','4','9',null,null);
Insert into DB_MONO.MOSSA (ID_MOSSA,TURNO,ORDINE,TIPO_MOSSA,DADO1,DADO2,TIPO_PAGAMENTO,PAGAMENTO_DATO,PAGAMENTO_RICEVUTO,ID_PARTITA,ID_GIOCATORE,CASELLA_PARTENZA,CASELLA_ARRIVO,ID_POSSEDIMENTO,ID_CARTA) values ('210','2','2','MOVIMENTO','2','2',null,null,null,'2','7','6','10',null,null);
Insert into DB_MONO.MOSSA (ID_MOSSA,TURNO,ORDINE,TIPO_MOSSA,DADO1,DADO2,TIPO_PAGAMENTO,PAGAMENTO_DATO,PAGAMENTO_RICEVUTO,ID_PARTITA,ID_GIOCATORE,CASELLA_PARTENZA,CASELLA_ARRIVO,ID_POSSEDIMENTO,ID_CARTA) values ('211','2','3','MOVIMENTO','2','2',null,null,null,'2','8','8','12',null,null);
Insert into DB_MONO.MOSSA (ID_MOSSA,TURNO,ORDINE,TIPO_MOSSA,DADO1,DADO2,TIPO_PAGAMENTO,PAGAMENTO_DATO,PAGAMENTO_RICEVUTO,ID_PARTITA,ID_GIOCATORE,CASELLA_PARTENZA,CASELLA_ARRIVO,ID_POSSEDIMENTO,ID_CARTA) values ('212','2','4','MOVIMENTO','1','4',null,null,null,'2','9','9','14',null,null);
Insert into DB_MONO.MOSSA (ID_MOSSA,TURNO,ORDINE,TIPO_MOSSA,DADO1,DADO2,TIPO_PAGAMENTO,PAGAMENTO_DATO,PAGAMENTO_RICEVUTO,ID_PARTITA,ID_GIOCATORE,CASELLA_PARTENZA,CASELLA_ARRIVO,ID_POSSEDIMENTO,ID_CARTA) values ('213','3','1','MOVIMENTO','1','2',null,null,null,'2','6','9','12',null,null);
Insert into DB_MONO.MOSSA (ID_MOSSA,TURNO,ORDINE,TIPO_MOSSA,DADO1,DADO2,TIPO_PAGAMENTO,PAGAMENTO_DATO,PAGAMENTO_RICEVUTO,ID_PARTITA,ID_GIOCATORE,CASELLA_PARTENZA,CASELLA_ARRIVO,ID_POSSEDIMENTO,ID_CARTA) values ('214','3','2','MOVIMENTO','3','4',null,null,null,'2','7','10','17',null,'5');
Insert into DB_MONO.MOSSA (ID_MOSSA,TURNO,ORDINE,TIPO_MOSSA,DADO1,DADO2,TIPO_PAGAMENTO,PAGAMENTO_DATO,PAGAMENTO_RICEVUTO,ID_PARTITA,ID_GIOCATORE,CASELLA_PARTENZA,CASELLA_ARRIVO,ID_POSSEDIMENTO,ID_CARTA) values ('215','3','3','PAGAMENTO',null,null,'GENERICO','100','0','2','7',null,null,null,null);
Insert into DB_MONO.MOSSA (ID_MOSSA,TURNO,ORDINE,TIPO_MOSSA,DADO1,DADO2,TIPO_PAGAMENTO,PAGAMENTO_DATO,PAGAMENTO_RICEVUTO,ID_PARTITA,ID_GIOCATORE,CASELLA_PARTENZA,CASELLA_ARRIVO,ID_POSSEDIMENTO,ID_CARTA) values ('216','3','4','MOVIMENTO','5','3',null,null,null,'2','8','12','20',null,null);
Insert into DB_MONO.MOSSA (ID_MOSSA,TURNO,ORDINE,TIPO_MOSSA,DADO1,DADO2,TIPO_PAGAMENTO,PAGAMENTO_DATO,PAGAMENTO_RICEVUTO,ID_PARTITA,ID_GIOCATORE,CASELLA_PARTENZA,CASELLA_ARRIVO,ID_POSSEDIMENTO,ID_CARTA) values ('217','3','5','MOVIMENTO','5','4',null,null,null,'2','9','14','23',null,null);
Insert into DB_MONO.MOSSA (ID_MOSSA,TURNO,ORDINE,TIPO_MOSSA,DADO1,DADO2,TIPO_PAGAMENTO,PAGAMENTO_DATO,PAGAMENTO_RICEVUTO,ID_PARTITA,ID_GIOCATORE,CASELLA_PARTENZA,CASELLA_ARRIVO,ID_POSSEDIMENTO,ID_CARTA) values ('218','3','6','PAGAMENTO',null,null,'VERSO BANCA','220','0','2','9',null,null,'34',null);
Insert into DB_MONO.MOSSA (ID_MOSSA,TURNO,ORDINE,TIPO_MOSSA,DADO1,DADO2,TIPO_PAGAMENTO,PAGAMENTO_DATO,PAGAMENTO_RICEVUTO,ID_PARTITA,ID_GIOCATORE,CASELLA_PARTENZA,CASELLA_ARRIVO,ID_POSSEDIMENTO,ID_CARTA) values ('219','4','1','MOVIMENTO','4','4',null,null,null,'2','6','12','20',null,null);
Insert into DB_MONO.MOSSA (ID_MOSSA,TURNO,ORDINE,TIPO_MOSSA,DADO1,DADO2,TIPO_PAGAMENTO,PAGAMENTO_DATO,PAGAMENTO_RICEVUTO,ID_PARTITA,ID_GIOCATORE,CASELLA_PARTENZA,CASELLA_ARRIVO,ID_POSSEDIMENTO,ID_CARTA) values ('220','4','2','MOVIMENTO','5','3',null,null,null,'2','7','17','25',null,null);
Insert into DB_MONO.MOSSA (ID_MOSSA,TURNO,ORDINE,TIPO_MOSSA,DADO1,DADO2,TIPO_PAGAMENTO,PAGAMENTO_DATO,PAGAMENTO_RICEVUTO,ID_PARTITA,ID_GIOCATORE,CASELLA_PARTENZA,CASELLA_ARRIVO,ID_POSSEDIMENTO,ID_CARTA) values ('221','4','3','MOVIMENTO','1','5',null,null,null,'2','8','20','26',null,null);
Insert into DB_MONO.MOSSA (ID_MOSSA,TURNO,ORDINE,TIPO_MOSSA,DADO1,DADO2,TIPO_PAGAMENTO,PAGAMENTO_DATO,PAGAMENTO_RICEVUTO,ID_PARTITA,ID_GIOCATORE,CASELLA_PARTENZA,CASELLA_ARRIVO,ID_POSSEDIMENTO,ID_CARTA) values ('222','4','4','MOVIMENTO','5','4',null,null,null,'2','9','23','32',null,null);
Insert into DB_MONO.MOSSA (ID_MOSSA,TURNO,ORDINE,TIPO_MOSSA,DADO1,DADO2,TIPO_PAGAMENTO,PAGAMENTO_DATO,PAGAMENTO_RICEVUTO,ID_PARTITA,ID_GIOCATORE,CASELLA_PARTENZA,CASELLA_ARRIVO,ID_POSSEDIMENTO,ID_CARTA) values ('223','4','5','PAGAMENTO',null,null,'VERSO BANCA','300','0','2','9',null,null,'35',null);
Insert into DB_MONO.MOSSA (ID_MOSSA,TURNO,ORDINE,TIPO_MOSSA,DADO1,DADO2,TIPO_PAGAMENTO,PAGAMENTO_DATO,PAGAMENTO_RICEVUTO,ID_PARTITA,ID_GIOCATORE,CASELLA_PARTENZA,CASELLA_ARRIVO,ID_POSSEDIMENTO,ID_CARTA) values ('224','5','1','MOVIMENTO','1','1',null,null,null,'2','6','20','22',null,'12');
Insert into DB_MONO.MOSSA (ID_MOSSA,TURNO,ORDINE,TIPO_MOSSA,DADO1,DADO2,TIPO_PAGAMENTO,PAGAMENTO_DATO,PAGAMENTO_RICEVUTO,ID_PARTITA,ID_GIOCATORE,CASELLA_PARTENZA,CASELLA_ARRIVO,ID_POSSEDIMENTO,ID_CARTA) values ('225','5','2','PAGAMENTO',null,null,'GENERICO','0','150','2','6',null,null,null,null);
Insert into DB_MONO.MOSSA (ID_MOSSA,TURNO,ORDINE,TIPO_MOSSA,DADO1,DADO2,TIPO_PAGAMENTO,PAGAMENTO_DATO,PAGAMENTO_RICEVUTO,ID_PARTITA,ID_GIOCATORE,CASELLA_PARTENZA,CASELLA_ARRIVO,ID_POSSEDIMENTO,ID_CARTA) values ('226','5','3','MOVIMENTO','1','4',null,null,null,'2','6','27','32',null,null);
Insert into DB_MONO.MOSSA (ID_MOSSA,TURNO,ORDINE,TIPO_MOSSA,DADO1,DADO2,TIPO_PAGAMENTO,PAGAMENTO_DATO,PAGAMENTO_RICEVUTO,ID_PARTITA,ID_GIOCATORE,CASELLA_PARTENZA,CASELLA_ARRIVO,ID_POSSEDIMENTO,ID_CARTA) values ('227','5','4','PAGAMENTO',null,null,'VERSO GIOCATORE','26','0','2','6',null,null,null,null);
Insert into DB_MONO.MOSSA (ID_MOSSA,TURNO,ORDINE,TIPO_MOSSA,DADO1,DADO2,TIPO_PAGAMENTO,PAGAMENTO_DATO,PAGAMENTO_RICEVUTO,ID_PARTITA,ID_GIOCATORE,CASELLA_PARTENZA,CASELLA_ARRIVO,ID_POSSEDIMENTO,ID_CARTA) values ('228','5','5','MOVIMENTO','3','5',null,null,null,'2','7','25','33',null,'4');
Insert into DB_MONO.MOSSA (ID_MOSSA,TURNO,ORDINE,TIPO_MOSSA,DADO1,DADO2,TIPO_PAGAMENTO,PAGAMENTO_DATO,PAGAMENTO_RICEVUTO,ID_PARTITA,ID_GIOCATORE,CASELLA_PARTENZA,CASELLA_ARRIVO,ID_POSSEDIMENTO,ID_CARTA) values ('229','5','6','PAGAMENTO',null,null,'GENERICO','50','0','2','7',null,null,null,null);
Insert into DB_MONO.MOSSA (ID_MOSSA,TURNO,ORDINE,TIPO_MOSSA,DADO1,DADO2,TIPO_PAGAMENTO,PAGAMENTO_DATO,PAGAMENTO_RICEVUTO,ID_PARTITA,ID_GIOCATORE,CASELLA_PARTENZA,CASELLA_ARRIVO,ID_POSSEDIMENTO,ID_CARTA) values ('230','5','7','MOVIMENTO','3','5',null,null,null,'2','8','26','34',null,null);
Insert into DB_MONO.MOSSA (ID_MOSSA,TURNO,ORDINE,TIPO_MOSSA,DADO1,DADO2,TIPO_PAGAMENTO,PAGAMENTO_DATO,PAGAMENTO_RICEVUTO,ID_PARTITA,ID_GIOCATORE,CASELLA_PARTENZA,CASELLA_ARRIVO,ID_POSSEDIMENTO,ID_CARTA) values ('231','5','8','MOVIMENTO','2','3',null,null,null,'2','9','32','37',null,null);
Insert into DB_MONO.MOSSA (ID_MOSSA,TURNO,ORDINE,TIPO_MOSSA,DADO1,DADO2,TIPO_PAGAMENTO,PAGAMENTO_DATO,PAGAMENTO_RICEVUTO,ID_PARTITA,ID_GIOCATORE,CASELLA_PARTENZA,CASELLA_ARRIVO,ID_POSSEDIMENTO,ID_CARTA) values ('232','6','1','MOVIMENTO','5','4',null,null,null,'2','6','32','1',null,null);
Insert into DB_MONO.MOSSA (ID_MOSSA,TURNO,ORDINE,TIPO_MOSSA,DADO1,DADO2,TIPO_PAGAMENTO,PAGAMENTO_DATO,PAGAMENTO_RICEVUTO,ID_PARTITA,ID_GIOCATORE,CASELLA_PARTENZA,CASELLA_ARRIVO,ID_POSSEDIMENTO,ID_CARTA) values ('233','6','2','PAGAMENTO',null,null,'VERSO BANCA','0','200','2','6',null,null,null,null);
Insert into DB_MONO.MOSSA (ID_MOSSA,TURNO,ORDINE,TIPO_MOSSA,DADO1,DADO2,TIPO_PAGAMENTO,PAGAMENTO_DATO,PAGAMENTO_RICEVUTO,ID_PARTITA,ID_GIOCATORE,CASELLA_PARTENZA,CASELLA_ARRIVO,ID_POSSEDIMENTO,ID_CARTA) values ('234','6','3','PAGAMENTO',null,null,'VERSO BANCA','60','0','2','6',null,null,'36',null);
Insert into DB_MONO.MOSSA (ID_MOSSA,TURNO,ORDINE,TIPO_MOSSA,DADO1,DADO2,TIPO_PAGAMENTO,PAGAMENTO_DATO,PAGAMENTO_RICEVUTO,ID_PARTITA,ID_GIOCATORE,CASELLA_PARTENZA,CASELLA_ARRIVO,ID_POSSEDIMENTO,ID_CARTA) values ('235','6','4','MOVIMENTO','5','3',null,null,null,'2','7','33','1',null,null);
Insert into DB_MONO.MOSSA (ID_MOSSA,TURNO,ORDINE,TIPO_MOSSA,DADO1,DADO2,TIPO_PAGAMENTO,PAGAMENTO_DATO,PAGAMENTO_RICEVUTO,ID_PARTITA,ID_GIOCATORE,CASELLA_PARTENZA,CASELLA_ARRIVO,ID_POSSEDIMENTO,ID_CARTA) values ('236','6','5','PAGAMENTO',null,null,'VERSO BANCA','0','200','2','7',null,null,null,null);
Insert into DB_MONO.MOSSA (ID_MOSSA,TURNO,ORDINE,TIPO_MOSSA,DADO1,DADO2,TIPO_PAGAMENTO,PAGAMENTO_DATO,PAGAMENTO_RICEVUTO,ID_PARTITA,ID_GIOCATORE,CASELLA_PARTENZA,CASELLA_ARRIVO,ID_POSSEDIMENTO,ID_CARTA) values ('237','6','6','PAGAMENTO',null,null,'VERSO GIOCATORE','2','0','2','7',null,null,null,null);
Insert into DB_MONO.MOSSA (ID_MOSSA,TURNO,ORDINE,TIPO_MOSSA,DADO1,DADO2,TIPO_PAGAMENTO,PAGAMENTO_DATO,PAGAMENTO_RICEVUTO,ID_PARTITA,ID_GIOCATORE,CASELLA_PARTENZA,CASELLA_ARRIVO,ID_POSSEDIMENTO,ID_CARTA) values ('238','6','7','MOVIMENTO','4','1',null,null,null,'2','8','34','39',null,null);
Insert into DB_MONO.MOSSA (ID_MOSSA,TURNO,ORDINE,TIPO_MOSSA,DADO1,DADO2,TIPO_PAGAMENTO,PAGAMENTO_DATO,PAGAMENTO_RICEVUTO,ID_PARTITA,ID_GIOCATORE,CASELLA_PARTENZA,CASELLA_ARRIVO,ID_POSSEDIMENTO,ID_CARTA) values ('239','6','8','PAGAMENTO',null,null,'VERSO BANCA','400','0','2','8',null,null,'37',null);
Insert into DB_MONO.MOSSA (ID_MOSSA,TURNO,ORDINE,TIPO_MOSSA,DADO1,DADO2,TIPO_PAGAMENTO,PAGAMENTO_DATO,PAGAMENTO_RICEVUTO,ID_PARTITA,ID_GIOCATORE,CASELLA_PARTENZA,CASELLA_ARRIVO,ID_POSSEDIMENTO,ID_CARTA) values ('240','6','9','MOVIMENTO','5','3',null,null,null,'2','9','37','5',null,null);
Insert into DB_MONO.MOSSA (ID_MOSSA,TURNO,ORDINE,TIPO_MOSSA,DADO1,DADO2,TIPO_PAGAMENTO,PAGAMENTO_DATO,PAGAMENTO_RICEVUTO,ID_PARTITA,ID_GIOCATORE,CASELLA_PARTENZA,CASELLA_ARRIVO,ID_POSSEDIMENTO,ID_CARTA) values ('241','6','10','PAGAMENTO',null,null,'VERSO BANCA','0','200','2','9',null,null,null,null);
Insert into DB_MONO.MOSSA (ID_MOSSA,TURNO,ORDINE,TIPO_MOSSA,DADO1,DADO2,TIPO_PAGAMENTO,PAGAMENTO_DATO,PAGAMENTO_RICEVUTO,ID_PARTITA,ID_GIOCATORE,CASELLA_PARTENZA,CASELLA_ARRIVO,ID_POSSEDIMENTO,ID_CARTA) values ('242','7','1','MOVIMENTO','4','4',null,null,null,'2','6','1','9',null,null);
Insert into DB_MONO.MOSSA (ID_MOSSA,TURNO,ORDINE,TIPO_MOSSA,DADO1,DADO2,TIPO_PAGAMENTO,PAGAMENTO_DATO,PAGAMENTO_RICEVUTO,ID_PARTITA,ID_GIOCATORE,CASELLA_PARTENZA,CASELLA_ARRIVO,ID_POSSEDIMENTO,ID_CARTA) values ('243','7','2','MOVIMENTO','4','3',null,null,null,'2','7','1','8',null,null);
Insert into DB_MONO.MOSSA (ID_MOSSA,TURNO,ORDINE,TIPO_MOSSA,DADO1,DADO2,TIPO_PAGAMENTO,PAGAMENTO_DATO,PAGAMENTO_RICEVUTO,ID_PARTITA,ID_GIOCATORE,CASELLA_PARTENZA,CASELLA_ARRIVO,ID_POSSEDIMENTO,ID_CARTA) values ('244','7','3','PAGAMENTO',null,null,'VERSO BANCA','100','0','2','7',null,null,'38',null);
Insert into DB_MONO.MOSSA (ID_MOSSA,TURNO,ORDINE,TIPO_MOSSA,DADO1,DADO2,TIPO_PAGAMENTO,PAGAMENTO_DATO,PAGAMENTO_RICEVUTO,ID_PARTITA,ID_GIOCATORE,CASELLA_PARTENZA,CASELLA_ARRIVO,ID_POSSEDIMENTO,ID_CARTA) values ('245','7','4','MOVIMENTO','1','1',null,null,null,'2','8','39','1',null,null);
Insert into DB_MONO.MOSSA (ID_MOSSA,TURNO,ORDINE,TIPO_MOSSA,DADO1,DADO2,TIPO_PAGAMENTO,PAGAMENTO_DATO,PAGAMENTO_RICEVUTO,ID_PARTITA,ID_GIOCATORE,CASELLA_PARTENZA,CASELLA_ARRIVO,ID_POSSEDIMENTO,ID_CARTA) values ('246','7','5','PAGAMENTO',null,null,'VERSO BANCA','0','200','2','8',null,null,null,null);
Insert into DB_MONO.MOSSA (ID_MOSSA,TURNO,ORDINE,TIPO_MOSSA,DADO1,DADO2,TIPO_PAGAMENTO,PAGAMENTO_DATO,PAGAMENTO_RICEVUTO,ID_PARTITA,ID_GIOCATORE,CASELLA_PARTENZA,CASELLA_ARRIVO,ID_POSSEDIMENTO,ID_CARTA) values ('247','7','6','PAGAMENTO',null,null,'VERSO GIOCATORE','2','0','2','8',null,null,null,null);
Insert into DB_MONO.MOSSA (ID_MOSSA,TURNO,ORDINE,TIPO_MOSSA,DADO1,DADO2,TIPO_PAGAMENTO,PAGAMENTO_DATO,PAGAMENTO_RICEVUTO,ID_PARTITA,ID_GIOCATORE,CASELLA_PARTENZA,CASELLA_ARRIVO,ID_POSSEDIMENTO,ID_CARTA) values ('248','7','7','MOVIMENTO','1','5',null,null,null,'2','9','5','11',null,null);
Insert into DB_MONO.MOSSA (ID_MOSSA,TURNO,ORDINE,TIPO_MOSSA,DADO1,DADO2,TIPO_PAGAMENTO,PAGAMENTO_DATO,PAGAMENTO_RICEVUTO,ID_PARTITA,ID_GIOCATORE,CASELLA_PARTENZA,CASELLA_ARRIVO,ID_POSSEDIMENTO,ID_CARTA) values ('249','7','8','PAGAMENTO',null,null,'VERSO BANCA','140','0','2','9',null,null,'39',null);
Insert into DB_MONO.MOSSA (ID_MOSSA,TURNO,ORDINE,TIPO_MOSSA,DADO1,DADO2,TIPO_PAGAMENTO,PAGAMENTO_DATO,PAGAMENTO_RICEVUTO,ID_PARTITA,ID_GIOCATORE,CASELLA_PARTENZA,CASELLA_ARRIVO,ID_POSSEDIMENTO,ID_CARTA) values ('250','8','1','MOVIMENTO','1','2',null,null,null,'2','6','9','12',null,null);
Insert into DB_MONO.MOSSA (ID_MOSSA,TURNO,ORDINE,TIPO_MOSSA,DADO1,DADO2,TIPO_PAGAMENTO,PAGAMENTO_DATO,PAGAMENTO_RICEVUTO,ID_PARTITA,ID_GIOCATORE,CASELLA_PARTENZA,CASELLA_ARRIVO,ID_POSSEDIMENTO,ID_CARTA) values ('251','8','2','MOVIMENTO','1','1',null,null,null,'2','7','8','10',null,null);
Insert into DB_MONO.MOSSA (ID_MOSSA,TURNO,ORDINE,TIPO_MOSSA,DADO1,DADO2,TIPO_PAGAMENTO,PAGAMENTO_DATO,PAGAMENTO_RICEVUTO,ID_PARTITA,ID_GIOCATORE,CASELLA_PARTENZA,CASELLA_ARRIVO,ID_POSSEDIMENTO,ID_CARTA) values ('252','8','3','MOVIMENTO','1','3',null,null,null,'2','8','1','5',null,null);
Insert into DB_MONO.MOSSA (ID_MOSSA,TURNO,ORDINE,TIPO_MOSSA,DADO1,DADO2,TIPO_PAGAMENTO,PAGAMENTO_DATO,PAGAMENTO_RICEVUTO,ID_PARTITA,ID_GIOCATORE,CASELLA_PARTENZA,CASELLA_ARRIVO,ID_POSSEDIMENTO,ID_CARTA) values ('253','8','4','MOVIMENTO','3','5',null,null,null,'2','9','11','19',null,null);
Insert into DB_MONO.MOSSA (ID_MOSSA,TURNO,ORDINE,TIPO_MOSSA,DADO1,DADO2,TIPO_PAGAMENTO,PAGAMENTO_DATO,PAGAMENTO_RICEVUTO,ID_PARTITA,ID_GIOCATORE,CASELLA_PARTENZA,CASELLA_ARRIVO,ID_POSSEDIMENTO,ID_CARTA) values ('254','9','1','MOVIMENTO','2','4',null,null,null,'2','6','12','18',null,null);
Insert into DB_MONO.MOSSA (ID_MOSSA,TURNO,ORDINE,TIPO_MOSSA,DADO1,DADO2,TIPO_PAGAMENTO,PAGAMENTO_DATO,PAGAMENTO_RICEVUTO,ID_PARTITA,ID_GIOCATORE,CASELLA_PARTENZA,CASELLA_ARRIVO,ID_POSSEDIMENTO,ID_CARTA) values ('255','9','2','PAGAMENTO',null,null,'VERSO BANCA','180','0','2','6',null,null,'40',null);
Insert into DB_MONO.MOSSA (ID_MOSSA,TURNO,ORDINE,TIPO_MOSSA,DADO1,DADO2,TIPO_PAGAMENTO,PAGAMENTO_DATO,PAGAMENTO_RICEVUTO,ID_PARTITA,ID_GIOCATORE,CASELLA_PARTENZA,CASELLA_ARRIVO,ID_POSSEDIMENTO,ID_CARTA) values ('256','9','3','MOVIMENTO','5','1',null,null,null,'2','7','10','16',null,null);
Insert into DB_MONO.MOSSA (ID_MOSSA,TURNO,ORDINE,TIPO_MOSSA,DADO1,DADO2,TIPO_PAGAMENTO,PAGAMENTO_DATO,PAGAMENTO_RICEVUTO,ID_PARTITA,ID_GIOCATORE,CASELLA_PARTENZA,CASELLA_ARRIVO,ID_POSSEDIMENTO,ID_CARTA) values ('257','9','4','MOVIMENTO','5','5',null,null,null,'2','8','5','15',null,null);
Insert into DB_MONO.MOSSA (ID_MOSSA,TURNO,ORDINE,TIPO_MOSSA,DADO1,DADO2,TIPO_PAGAMENTO,PAGAMENTO_DATO,PAGAMENTO_RICEVUTO,ID_PARTITA,ID_GIOCATORE,CASELLA_PARTENZA,CASELLA_ARRIVO,ID_POSSEDIMENTO,ID_CARTA) values ('258','9','5','MOVIMENTO','5','1',null,null,null,'2','9','19','25',null,null);
Insert into DB_MONO.MOSSA (ID_MOSSA,TURNO,ORDINE,TIPO_MOSSA,DADO1,DADO2,TIPO_PAGAMENTO,PAGAMENTO_DATO,PAGAMENTO_RICEVUTO,ID_PARTITA,ID_GIOCATORE,CASELLA_PARTENZA,CASELLA_ARRIVO,ID_POSSEDIMENTO,ID_CARTA) values ('259','10','1','MOVIMENTO','5','2',null,null,null,'2','6','18','25',null,null);
Insert into DB_MONO.MOSSA (ID_MOSSA,TURNO,ORDINE,TIPO_MOSSA,DADO1,DADO2,TIPO_PAGAMENTO,PAGAMENTO_DATO,PAGAMENTO_RICEVUTO,ID_PARTITA,ID_GIOCATORE,CASELLA_PARTENZA,CASELLA_ARRIVO,ID_POSSEDIMENTO,ID_CARTA) values ('260','10','2','MOVIMENTO','3','5',null,null,null,'2','7','16','24',null,null);
Insert into DB_MONO.MOSSA (ID_MOSSA,TURNO,ORDINE,TIPO_MOSSA,DADO1,DADO2,TIPO_PAGAMENTO,PAGAMENTO_DATO,PAGAMENTO_RICEVUTO,ID_PARTITA,ID_GIOCATORE,CASELLA_PARTENZA,CASELLA_ARRIVO,ID_POSSEDIMENTO,ID_CARTA) values ('261','10','3','MOVIMENTO','3','2',null,null,null,'2','8','15','20',null,null);
Insert into DB_MONO.MOSSA (ID_MOSSA,TURNO,ORDINE,TIPO_MOSSA,DADO1,DADO2,TIPO_PAGAMENTO,PAGAMENTO_DATO,PAGAMENTO_RICEVUTO,ID_PARTITA,ID_GIOCATORE,CASELLA_PARTENZA,CASELLA_ARRIVO,ID_POSSEDIMENTO,ID_CARTA) values ('262','10','4','MOVIMENTO','5','2',null,null,null,'2','9','25','32',null,null);
Insert into DB_MONO.MOSSA (ID_MOSSA,TURNO,ORDINE,TIPO_MOSSA,DADO1,DADO2,TIPO_PAGAMENTO,PAGAMENTO_DATO,PAGAMENTO_RICEVUTO,ID_PARTITA,ID_GIOCATORE,CASELLA_PARTENZA,CASELLA_ARRIVO,ID_POSSEDIMENTO,ID_CARTA) values ('263','11','1','MOVIMENTO','2','3',null,null,null,'2','6','25','30',null,null);
Insert into DB_MONO.MOSSA (ID_MOSSA,TURNO,ORDINE,TIPO_MOSSA,DADO1,DADO2,TIPO_PAGAMENTO,PAGAMENTO_DATO,PAGAMENTO_RICEVUTO,ID_PARTITA,ID_GIOCATORE,CASELLA_PARTENZA,CASELLA_ARRIVO,ID_POSSEDIMENTO,ID_CARTA) values ('264','11','2','MOVIMENTO','3','2',null,null,null,'2','7','24','29',null,null);
Insert into DB_MONO.MOSSA (ID_MOSSA,TURNO,ORDINE,TIPO_MOSSA,DADO1,DADO2,TIPO_PAGAMENTO,PAGAMENTO_DATO,PAGAMENTO_RICEVUTO,ID_PARTITA,ID_GIOCATORE,CASELLA_PARTENZA,CASELLA_ARRIVO,ID_POSSEDIMENTO,ID_CARTA) values ('265','11','3','PAGAMENTO',null,null,'VERSO BANCA','280','0','2','7',null,null,'41',null);
Insert into DB_MONO.MOSSA (ID_MOSSA,TURNO,ORDINE,TIPO_MOSSA,DADO1,DADO2,TIPO_PAGAMENTO,PAGAMENTO_DATO,PAGAMENTO_RICEVUTO,ID_PARTITA,ID_GIOCATORE,CASELLA_PARTENZA,CASELLA_ARRIVO,ID_POSSEDIMENTO,ID_CARTA) values ('266','11','4','MOVIMENTO','4','2',null,null,null,'2','8','20','26',null,null);
Insert into DB_MONO.MOSSA (ID_MOSSA,TURNO,ORDINE,TIPO_MOSSA,DADO1,DADO2,TIPO_PAGAMENTO,PAGAMENTO_DATO,PAGAMENTO_RICEVUTO,ID_PARTITA,ID_GIOCATORE,CASELLA_PARTENZA,CASELLA_ARRIVO,ID_POSSEDIMENTO,ID_CARTA) values ('267','11','5','PAGAMENTO',null,null,'VERSO BANCA','260','0','2','8',null,null,'42',null);
Insert into DB_MONO.MOSSA (ID_MOSSA,TURNO,ORDINE,TIPO_MOSSA,DADO1,DADO2,TIPO_PAGAMENTO,PAGAMENTO_DATO,PAGAMENTO_RICEVUTO,ID_PARTITA,ID_GIOCATORE,CASELLA_PARTENZA,CASELLA_ARRIVO,ID_POSSEDIMENTO,ID_CARTA) values ('268','11','6','MOVIMENTO','3','4',null,null,null,'2','9','32','39',null,null);
Insert into DB_MONO.MOSSA (ID_MOSSA,TURNO,ORDINE,TIPO_MOSSA,DADO1,DADO2,TIPO_PAGAMENTO,PAGAMENTO_DATO,PAGAMENTO_RICEVUTO,ID_PARTITA,ID_GIOCATORE,CASELLA_PARTENZA,CASELLA_ARRIVO,ID_POSSEDIMENTO,ID_CARTA) values ('269','11','7','PAGAMENTO',null,null,'VERSO GIOCATORE','50','0','2','9',null,null,null,null);
Insert into DB_MONO.MOSSA (ID_MOSSA,TURNO,ORDINE,TIPO_MOSSA,DADO1,DADO2,TIPO_PAGAMENTO,PAGAMENTO_DATO,PAGAMENTO_RICEVUTO,ID_PARTITA,ID_GIOCATORE,CASELLA_PARTENZA,CASELLA_ARRIVO,ID_POSSEDIMENTO,ID_CARTA) values ('270','12','1','MOVIMENTO','1','3',null,null,null,'2','7','29','33',null,'5');
Insert into DB_MONO.MOSSA (ID_MOSSA,TURNO,ORDINE,TIPO_MOSSA,DADO1,DADO2,TIPO_PAGAMENTO,PAGAMENTO_DATO,PAGAMENTO_RICEVUTO,ID_PARTITA,ID_GIOCATORE,CASELLA_PARTENZA,CASELLA_ARRIVO,ID_POSSEDIMENTO,ID_CARTA) values ('271','12','2','PAGAMENTO',null,null,'GENERICO','100','0','2','7',null,null,null,null);
Insert into DB_MONO.MOSSA (ID_MOSSA,TURNO,ORDINE,TIPO_MOSSA,DADO1,DADO2,TIPO_PAGAMENTO,PAGAMENTO_DATO,PAGAMENTO_RICEVUTO,ID_PARTITA,ID_GIOCATORE,CASELLA_PARTENZA,CASELLA_ARRIVO,ID_POSSEDIMENTO,ID_CARTA) values ('272','12','3','MOVIMENTO','5','2',null,null,null,'2','8','26','33',null,'6');
Insert into DB_MONO.MOSSA (ID_MOSSA,TURNO,ORDINE,TIPO_MOSSA,DADO1,DADO2,TIPO_PAGAMENTO,PAGAMENTO_DATO,PAGAMENTO_RICEVUTO,ID_PARTITA,ID_GIOCATORE,CASELLA_PARTENZA,CASELLA_ARRIVO,ID_POSSEDIMENTO,ID_CARTA) values ('273','12','4','PAGAMENTO',null,null,'GENERICO','0','200','2','8',null,null,null,null);
Insert into DB_MONO.MOSSA (ID_MOSSA,TURNO,ORDINE,TIPO_MOSSA,DADO1,DADO2,TIPO_PAGAMENTO,PAGAMENTO_DATO,PAGAMENTO_RICEVUTO,ID_PARTITA,ID_GIOCATORE,CASELLA_PARTENZA,CASELLA_ARRIVO,ID_POSSEDIMENTO,ID_CARTA) values ('274','12','5','MOVIMENTO','2','4',null,null,null,'2','9','39','5',null,null);
Insert into DB_MONO.MOSSA (ID_MOSSA,TURNO,ORDINE,TIPO_MOSSA,DADO1,DADO2,TIPO_PAGAMENTO,PAGAMENTO_DATO,PAGAMENTO_RICEVUTO,ID_PARTITA,ID_GIOCATORE,CASELLA_PARTENZA,CASELLA_ARRIVO,ID_POSSEDIMENTO,ID_CARTA) values ('275','12','6','PAGAMENTO',null,null,'VERSO BANCA','0','200','2','9',null,null,null,null);
Insert into DB_MONO.MOSSA (ID_MOSSA,TURNO,ORDINE,TIPO_MOSSA,DADO1,DADO2,TIPO_PAGAMENTO,PAGAMENTO_DATO,PAGAMENTO_RICEVUTO,ID_PARTITA,ID_GIOCATORE,CASELLA_PARTENZA,CASELLA_ARRIVO,ID_POSSEDIMENTO,ID_CARTA) values ('276','13','1','MOVIMENTO','3','2',null,null,null,'2','7','33','38',null,null);
Insert into DB_MONO.MOSSA (ID_MOSSA,TURNO,ORDINE,TIPO_MOSSA,DADO1,DADO2,TIPO_PAGAMENTO,PAGAMENTO_DATO,PAGAMENTO_RICEVUTO,ID_PARTITA,ID_GIOCATORE,CASELLA_PARTENZA,CASELLA_ARRIVO,ID_POSSEDIMENTO,ID_CARTA) values ('277','13','2','PAGAMENTO',null,null,'GENERICO','100','0','2','7',null,null,null,null);
Insert into DB_MONO.MOSSA (ID_MOSSA,TURNO,ORDINE,TIPO_MOSSA,DADO1,DADO2,TIPO_PAGAMENTO,PAGAMENTO_DATO,PAGAMENTO_RICEVUTO,ID_PARTITA,ID_GIOCATORE,CASELLA_PARTENZA,CASELLA_ARRIVO,ID_POSSEDIMENTO,ID_CARTA) values ('278','13','3','MOVIMENTO','3','5',null,null,null,'2','8','33','1',null,null);
Insert into DB_MONO.MOSSA (ID_MOSSA,TURNO,ORDINE,TIPO_MOSSA,DADO1,DADO2,TIPO_PAGAMENTO,PAGAMENTO_DATO,PAGAMENTO_RICEVUTO,ID_PARTITA,ID_GIOCATORE,CASELLA_PARTENZA,CASELLA_ARRIVO,ID_POSSEDIMENTO,ID_CARTA) values ('279','13','4','PAGAMENTO',null,null,'VERSO BANCA','0','200','2','8',null,null,null,null);
Insert into DB_MONO.MOSSA (ID_MOSSA,TURNO,ORDINE,TIPO_MOSSA,DADO1,DADO2,TIPO_PAGAMENTO,PAGAMENTO_DATO,PAGAMENTO_RICEVUTO,ID_PARTITA,ID_GIOCATORE,CASELLA_PARTENZA,CASELLA_ARRIVO,ID_POSSEDIMENTO,ID_CARTA) values ('280','13','5','PAGAMENTO',null,null,'VERSO GIOCATORE','2','0','2','8',null,null,null,null);
Insert into DB_MONO.MOSSA (ID_MOSSA,TURNO,ORDINE,TIPO_MOSSA,DADO1,DADO2,TIPO_PAGAMENTO,PAGAMENTO_DATO,PAGAMENTO_RICEVUTO,ID_PARTITA,ID_GIOCATORE,CASELLA_PARTENZA,CASELLA_ARRIVO,ID_POSSEDIMENTO,ID_CARTA) values ('281','13','6','MOVIMENTO','2','4',null,null,null,'2','9','5','11',null,null);
Insert into DB_MONO.MOSSA (ID_MOSSA,TURNO,ORDINE,TIPO_MOSSA,DADO1,DADO2,TIPO_PAGAMENTO,PAGAMENTO_DATO,PAGAMENTO_RICEVUTO,ID_PARTITA,ID_GIOCATORE,CASELLA_PARTENZA,CASELLA_ARRIVO,ID_POSSEDIMENTO,ID_CARTA) values ('282','14','1','MOVIMENTO','2','3',null,null,null,'2','7','38','3',null,null);
Insert into DB_MONO.MOSSA (ID_MOSSA,TURNO,ORDINE,TIPO_MOSSA,DADO1,DADO2,TIPO_PAGAMENTO,PAGAMENTO_DATO,PAGAMENTO_RICEVUTO,ID_PARTITA,ID_GIOCATORE,CASELLA_PARTENZA,CASELLA_ARRIVO,ID_POSSEDIMENTO,ID_CARTA) values ('283','14','2','PAGAMENTO',null,null,'VERSO BANCA','0','200','2','7',null,null,null,null);
Insert into DB_MONO.MOSSA (ID_MOSSA,TURNO,ORDINE,TIPO_MOSSA,DADO1,DADO2,TIPO_PAGAMENTO,PAGAMENTO_DATO,PAGAMENTO_RICEVUTO,ID_PARTITA,ID_GIOCATORE,CASELLA_PARTENZA,CASELLA_ARRIVO,ID_POSSEDIMENTO,ID_CARTA) values ('284','14','3','MOVIMENTO','2','5',null,null,null,'2','8','1','8',null,null);
Insert into DB_MONO.MOSSA (ID_MOSSA,TURNO,ORDINE,TIPO_MOSSA,DADO1,DADO2,TIPO_PAGAMENTO,PAGAMENTO_DATO,PAGAMENTO_RICEVUTO,ID_PARTITA,ID_GIOCATORE,CASELLA_PARTENZA,CASELLA_ARRIVO,ID_POSSEDIMENTO,ID_CARTA) values ('285','14','4','PAGAMENTO',null,null,'VERSO GIOCATORE','6','0','2','8',null,null,null,null);
Insert into DB_MONO.MOSSA (ID_MOSSA,TURNO,ORDINE,TIPO_MOSSA,DADO1,DADO2,TIPO_PAGAMENTO,PAGAMENTO_DATO,PAGAMENTO_RICEVUTO,ID_PARTITA,ID_GIOCATORE,CASELLA_PARTENZA,CASELLA_ARRIVO,ID_POSSEDIMENTO,ID_CARTA) values ('286','14','5','MOVIMENTO','3','2',null,null,null,'2','9','11','16',null,null);
Insert into DB_MONO.MOSSA (ID_MOSSA,TURNO,ORDINE,TIPO_MOSSA,DADO1,DADO2,TIPO_PAGAMENTO,PAGAMENTO_DATO,PAGAMENTO_RICEVUTO,ID_PARTITA,ID_GIOCATORE,CASELLA_PARTENZA,CASELLA_ARRIVO,ID_POSSEDIMENTO,ID_CARTA) values ('287','15','1','PAGAMENTO',null,null,'GENERICO','50','0','2','6',null,null,null,null);
Insert into DB_MONO.MOSSA (ID_MOSSA,TURNO,ORDINE,TIPO_MOSSA,DADO1,DADO2,TIPO_PAGAMENTO,PAGAMENTO_DATO,PAGAMENTO_RICEVUTO,ID_PARTITA,ID_GIOCATORE,CASELLA_PARTENZA,CASELLA_ARRIVO,ID_POSSEDIMENTO,ID_CARTA) values ('288','15','2','MOVIMENTO','5','5',null,null,null,'2','6','40','10',null,null);
Insert into DB_MONO.MOSSA (ID_MOSSA,TURNO,ORDINE,TIPO_MOSSA,DADO1,DADO2,TIPO_PAGAMENTO,PAGAMENTO_DATO,PAGAMENTO_RICEVUTO,ID_PARTITA,ID_GIOCATORE,CASELLA_PARTENZA,CASELLA_ARRIVO,ID_POSSEDIMENTO,ID_CARTA) values ('289','15','3','MOVIMENTO','2','3',null,null,null,'2','6','15','20',null,null);
Insert into DB_MONO.MOSSA (ID_MOSSA,TURNO,ORDINE,TIPO_MOSSA,DADO1,DADO2,TIPO_PAGAMENTO,PAGAMENTO_DATO,PAGAMENTO_RICEVUTO,ID_PARTITA,ID_GIOCATORE,CASELLA_PARTENZA,CASELLA_ARRIVO,ID_POSSEDIMENTO,ID_CARTA) values ('290','15','4','MOVIMENTO','1','2',null,null,null,'2','7','3','6',null,null);
Insert into DB_MONO.MOSSA (ID_MOSSA,TURNO,ORDINE,TIPO_MOSSA,DADO1,DADO2,TIPO_PAGAMENTO,PAGAMENTO_DATO,PAGAMENTO_RICEVUTO,ID_PARTITA,ID_GIOCATORE,CASELLA_PARTENZA,CASELLA_ARRIVO,ID_POSSEDIMENTO,ID_CARTA) values ('291','15','5','MOVIMENTO','1','1',null,null,null,'2','8','8','10',null,null);
Insert into DB_MONO.MOSSA (ID_MOSSA,TURNO,ORDINE,TIPO_MOSSA,DADO1,DADO2,TIPO_PAGAMENTO,PAGAMENTO_DATO,PAGAMENTO_RICEVUTO,ID_PARTITA,ID_GIOCATORE,CASELLA_PARTENZA,CASELLA_ARRIVO,ID_POSSEDIMENTO,ID_CARTA) values ('292','15','6','MOVIMENTO','1','5',null,null,null,'2','9','16','22',null,'13');
Insert into DB_MONO.MOSSA (ID_MOSSA,TURNO,ORDINE,TIPO_MOSSA,DADO1,DADO2,TIPO_PAGAMENTO,PAGAMENTO_DATO,PAGAMENTO_RICEVUTO,ID_PARTITA,ID_GIOCATORE,CASELLA_PARTENZA,CASELLA_ARRIVO,ID_POSSEDIMENTO,ID_CARTA) values ('293','15','7','PAGAMENTO',null,null,'VERSO GIOCATORE','50','0','2','9',null,null,null,null);
Insert into DB_MONO.MOSSA (ID_MOSSA,TURNO,ORDINE,TIPO_MOSSA,DADO1,DADO2,TIPO_PAGAMENTO,PAGAMENTO_DATO,PAGAMENTO_RICEVUTO,ID_PARTITA,ID_GIOCATORE,CASELLA_PARTENZA,CASELLA_ARRIVO,ID_POSSEDIMENTO,ID_CARTA) values ('294','15','8','PAGAMENTO',null,null,'VERSO GIOCATORE','50','0','2','9',null,null,null,null);
Insert into DB_MONO.MOSSA (ID_MOSSA,TURNO,ORDINE,TIPO_MOSSA,DADO1,DADO2,TIPO_PAGAMENTO,PAGAMENTO_DATO,PAGAMENTO_RICEVUTO,ID_PARTITA,ID_GIOCATORE,CASELLA_PARTENZA,CASELLA_ARRIVO,ID_POSSEDIMENTO,ID_CARTA) values ('295','15','9','PAGAMENTO',null,null,'VERSO GIOCATORE','50','0','2','9',null,null,null,null);
Insert into DB_MONO.MOSSA (ID_MOSSA,TURNO,ORDINE,TIPO_MOSSA,DADO1,DADO2,TIPO_PAGAMENTO,PAGAMENTO_DATO,PAGAMENTO_RICEVUTO,ID_PARTITA,ID_GIOCATORE,CASELLA_PARTENZA,CASELLA_ARRIVO,ID_POSSEDIMENTO,ID_CARTA) values ('296','16','1','MOVIMENTO','3','2',null,null,null,'2','6','20','25',null,null);
Insert into DB_MONO.MOSSA (ID_MOSSA,TURNO,ORDINE,TIPO_MOSSA,DADO1,DADO2,TIPO_PAGAMENTO,PAGAMENTO_DATO,PAGAMENTO_RICEVUTO,ID_PARTITA,ID_GIOCATORE,CASELLA_PARTENZA,CASELLA_ARRIVO,ID_POSSEDIMENTO,ID_CARTA) values ('297','16','2','MOVIMENTO','4','1',null,null,null,'2','7','6','11',null,null);
Insert into DB_MONO.MOSSA (ID_MOSSA,TURNO,ORDINE,TIPO_MOSSA,DADO1,DADO2,TIPO_PAGAMENTO,PAGAMENTO_DATO,PAGAMENTO_RICEVUTO,ID_PARTITA,ID_GIOCATORE,CASELLA_PARTENZA,CASELLA_ARRIVO,ID_POSSEDIMENTO,ID_CARTA) values ('298','16','3','MOVIMENTO','4','5',null,null,null,'2','8','10','19',null,null);
Insert into DB_MONO.MOSSA (ID_MOSSA,TURNO,ORDINE,TIPO_MOSSA,DADO1,DADO2,TIPO_PAGAMENTO,PAGAMENTO_DATO,PAGAMENTO_RICEVUTO,ID_PARTITA,ID_GIOCATORE,CASELLA_PARTENZA,CASELLA_ARRIVO,ID_POSSEDIMENTO,ID_CARTA) values ('299','16','4','MOVIMENTO','5','4',null,null,null,'2','9','22','31',null,null);
Insert into DB_MONO.MOSSA (ID_MOSSA,TURNO,ORDINE,TIPO_MOSSA,DADO1,DADO2,TIPO_PAGAMENTO,PAGAMENTO_DATO,PAGAMENTO_RICEVUTO,ID_PARTITA,ID_GIOCATORE,CASELLA_PARTENZA,CASELLA_ARRIVO,ID_POSSEDIMENTO,ID_CARTA) values ('300','17','1','MOVIMENTO','5','4',null,null,null,'2','6','25','34',null,null);
Insert into DB_MONO.MOSSA (ID_MOSSA,TURNO,ORDINE,TIPO_MOSSA,DADO1,DADO2,TIPO_PAGAMENTO,PAGAMENTO_DATO,PAGAMENTO_RICEVUTO,ID_PARTITA,ID_GIOCATORE,CASELLA_PARTENZA,CASELLA_ARRIVO,ID_POSSEDIMENTO,ID_CARTA) values ('301','17','2','MOVIMENTO','4','3',null,null,null,'2','7','11','18',null,null);
Insert into DB_MONO.MOSSA (ID_MOSSA,TURNO,ORDINE,TIPO_MOSSA,DADO1,DADO2,TIPO_PAGAMENTO,PAGAMENTO_DATO,PAGAMENTO_RICEVUTO,ID_PARTITA,ID_GIOCATORE,CASELLA_PARTENZA,CASELLA_ARRIVO,ID_POSSEDIMENTO,ID_CARTA) values ('302','17','3','MOVIMENTO','3','4',null,null,null,'2','8','19','26',null,null);
Insert into DB_MONO.MOSSA (ID_MOSSA,TURNO,ORDINE,TIPO_MOSSA,DADO1,DADO2,TIPO_PAGAMENTO,PAGAMENTO_DATO,PAGAMENTO_RICEVUTO,ID_PARTITA,ID_GIOCATORE,CASELLA_PARTENZA,CASELLA_ARRIVO,ID_POSSEDIMENTO,ID_CARTA) values ('303','17','4','MOVIMENTO','5','3',null,null,null,'2','9','31','39',null,null);
Insert into DB_MONO.MOSSA (ID_MOSSA,TURNO,ORDINE,TIPO_MOSSA,DADO1,DADO2,TIPO_PAGAMENTO,PAGAMENTO_DATO,PAGAMENTO_RICEVUTO,ID_PARTITA,ID_GIOCATORE,CASELLA_PARTENZA,CASELLA_ARRIVO,ID_POSSEDIMENTO,ID_CARTA) values ('311','1','2','MOVIMENTO','2','5',null,null,null,'3','5','40','7',null,'11');
Insert into DB_MONO.MOSSA (ID_MOSSA,TURNO,ORDINE,TIPO_MOSSA,DADO1,DADO2,TIPO_PAGAMENTO,PAGAMENTO_DATO,PAGAMENTO_RICEVUTO,ID_PARTITA,ID_GIOCATORE,CASELLA_PARTENZA,CASELLA_ARRIVO,ID_POSSEDIMENTO,ID_CARTA) values ('305','38','4','PAGAMENTO',null,null,'VERSO BANCA','110','0','1','2',null,null,'43',null);
Insert into DB_MONO.MOSSA (ID_MOSSA,TURNO,ORDINE,TIPO_MOSSA,DADO1,DADO2,TIPO_PAGAMENTO,PAGAMENTO_DATO,PAGAMENTO_RICEVUTO,ID_PARTITA,ID_GIOCATORE,CASELLA_PARTENZA,CASELLA_ARRIVO,ID_POSSEDIMENTO,ID_CARTA) values ('310','1','1','MOVIMENTO','3','3',null,null,null,'3','4','40','6',null,null);
Insert into DB_MONO.MOSSA (ID_MOSSA,TURNO,ORDINE,TIPO_MOSSA,DADO1,DADO2,TIPO_PAGAMENTO,PAGAMENTO_DATO,PAGAMENTO_RICEVUTO,ID_PARTITA,ID_GIOCATORE,CASELLA_PARTENZA,CASELLA_ARRIVO,ID_POSSEDIMENTO,ID_CARTA) values ('307','38','5','PAGAMENTO',null,null,'VERSO BANCA','130','0','1','2',null,null,'44',null);
Insert into DB_MONO.MOSSA (ID_MOSSA,TURNO,ORDINE,TIPO_MOSSA,DADO1,DADO2,TIPO_PAGAMENTO,PAGAMENTO_DATO,PAGAMENTO_RICEVUTO,ID_PARTITA,ID_GIOCATORE,CASELLA_PARTENZA,CASELLA_ARRIVO,ID_POSSEDIMENTO,ID_CARTA) values ('312','2','1','MOVIMENTO','1','4',null,null,null,'3','4','6','11',null,null);
Insert into DB_MONO.MOSSA (ID_MOSSA,TURNO,ORDINE,TIPO_MOSSA,DADO1,DADO2,TIPO_PAGAMENTO,PAGAMENTO_DATO,PAGAMENTO_RICEVUTO,ID_PARTITA,ID_GIOCATORE,CASELLA_PARTENZA,CASELLA_ARRIVO,ID_POSSEDIMENTO,ID_CARTA) values ('309','38','6','PAGAMENTO',null,null,'VERSO BANCA','150','0','1','2',null,null,'45',null);
Insert into DB_MONO.MOSSA (ID_MOSSA,TURNO,ORDINE,TIPO_MOSSA,DADO1,DADO2,TIPO_PAGAMENTO,PAGAMENTO_DATO,PAGAMENTO_RICEVUTO,ID_PARTITA,ID_GIOCATORE,CASELLA_PARTENZA,CASELLA_ARRIVO,ID_POSSEDIMENTO,ID_CARTA) values ('313','2','2','MOVIMENTO','4','1',null,null,null,'3','5','7','12',null,null);
Insert into DB_MONO.MOSSA (ID_MOSSA,TURNO,ORDINE,TIPO_MOSSA,DADO1,DADO2,TIPO_PAGAMENTO,PAGAMENTO_DATO,PAGAMENTO_RICEVUTO,ID_PARTITA,ID_GIOCATORE,CASELLA_PARTENZA,CASELLA_ARRIVO,ID_POSSEDIMENTO,ID_CARTA) values ('314','3','1','MOVIMENTO','2','5',null,null,null,'3','4','11','18',null,null);
Insert into DB_MONO.MOSSA (ID_MOSSA,TURNO,ORDINE,TIPO_MOSSA,DADO1,DADO2,TIPO_PAGAMENTO,PAGAMENTO_DATO,PAGAMENTO_RICEVUTO,ID_PARTITA,ID_GIOCATORE,CASELLA_PARTENZA,CASELLA_ARRIVO,ID_POSSEDIMENTO,ID_CARTA) values ('315','3','2','MOVIMENTO','3','4',null,null,null,'3','5','12','19',null,null);
Insert into DB_MONO.MOSSA (ID_MOSSA,TURNO,ORDINE,TIPO_MOSSA,DADO1,DADO2,TIPO_PAGAMENTO,PAGAMENTO_DATO,PAGAMENTO_RICEVUTO,ID_PARTITA,ID_GIOCATORE,CASELLA_PARTENZA,CASELLA_ARRIVO,ID_POSSEDIMENTO,ID_CARTA) values ('316','4','1','MOVIMENTO','5','1',null,null,null,'3','4','18','24',null,null);
Insert into DB_MONO.MOSSA (ID_MOSSA,TURNO,ORDINE,TIPO_MOSSA,DADO1,DADO2,TIPO_PAGAMENTO,PAGAMENTO_DATO,PAGAMENTO_RICEVUTO,ID_PARTITA,ID_GIOCATORE,CASELLA_PARTENZA,CASELLA_ARRIVO,ID_POSSEDIMENTO,ID_CARTA) values ('317','4','2','MOVIMENTO','2','5',null,null,null,'3','5','19','26',null,null);
Insert into DB_MONO.MOSSA (ID_MOSSA,TURNO,ORDINE,TIPO_MOSSA,DADO1,DADO2,TIPO_PAGAMENTO,PAGAMENTO_DATO,PAGAMENTO_RICEVUTO,ID_PARTITA,ID_GIOCATORE,CASELLA_PARTENZA,CASELLA_ARRIVO,ID_POSSEDIMENTO,ID_CARTA) values ('318','5','1','MOVIMENTO','1','2',null,null,null,'3','4','24','27',null,null);
Insert into DB_MONO.MOSSA (ID_MOSSA,TURNO,ORDINE,TIPO_MOSSA,DADO1,DADO2,TIPO_PAGAMENTO,PAGAMENTO_DATO,PAGAMENTO_RICEVUTO,ID_PARTITA,ID_GIOCATORE,CASELLA_PARTENZA,CASELLA_ARRIVO,ID_POSSEDIMENTO,ID_CARTA) values ('319','5','2','MOVIMENTO','5','3',null,null,null,'3','5','26','34',null,null);
Insert into DB_MONO.MOSSA (ID_MOSSA,TURNO,ORDINE,TIPO_MOSSA,DADO1,DADO2,TIPO_PAGAMENTO,PAGAMENTO_DATO,PAGAMENTO_RICEVUTO,ID_PARTITA,ID_GIOCATORE,CASELLA_PARTENZA,CASELLA_ARRIVO,ID_POSSEDIMENTO,ID_CARTA) values ('320','6','1','MOVIMENTO','3','3',null,null,null,'3','4','27','33',null,'7');
Insert into DB_MONO.MOSSA (ID_MOSSA,TURNO,ORDINE,TIPO_MOSSA,DADO1,DADO2,TIPO_PAGAMENTO,PAGAMENTO_DATO,PAGAMENTO_RICEVUTO,ID_PARTITA,ID_GIOCATORE,CASELLA_PARTENZA,CASELLA_ARRIVO,ID_POSSEDIMENTO,ID_CARTA) values ('321','6','2','PAGAMENTO',null,null,'GENERICO','0','25','3','4',null,null,null,null);
Insert into DB_MONO.MOSSA (ID_MOSSA,TURNO,ORDINE,TIPO_MOSSA,DADO1,DADO2,TIPO_PAGAMENTO,PAGAMENTO_DATO,PAGAMENTO_RICEVUTO,ID_PARTITA,ID_GIOCATORE,CASELLA_PARTENZA,CASELLA_ARRIVO,ID_POSSEDIMENTO,ID_CARTA) values ('322','6','3','MOVIMENTO','1','5',null,null,null,'3','5','34','40',null,null);
Insert into DB_MONO.MOSSA (ID_MOSSA,TURNO,ORDINE,TIPO_MOSSA,DADO1,DADO2,TIPO_PAGAMENTO,PAGAMENTO_DATO,PAGAMENTO_RICEVUTO,ID_PARTITA,ID_GIOCATORE,CASELLA_PARTENZA,CASELLA_ARRIVO,ID_POSSEDIMENTO,ID_CARTA) values ('323','7','1','MOVIMENTO','2','5',null,null,null,'3','4','33','40',null,null);
Insert into DB_MONO.MOSSA (ID_MOSSA,TURNO,ORDINE,TIPO_MOSSA,DADO1,DADO2,TIPO_PAGAMENTO,PAGAMENTO_DATO,PAGAMENTO_RICEVUTO,ID_PARTITA,ID_GIOCATORE,CASELLA_PARTENZA,CASELLA_ARRIVO,ID_POSSEDIMENTO,ID_CARTA) values ('324','7','2','MOVIMENTO','1','3',null,null,null,'3','5','40','4',null,null);
Insert into DB_MONO.MOSSA (ID_MOSSA,TURNO,ORDINE,TIPO_MOSSA,DADO1,DADO2,TIPO_PAGAMENTO,PAGAMENTO_DATO,PAGAMENTO_RICEVUTO,ID_PARTITA,ID_GIOCATORE,CASELLA_PARTENZA,CASELLA_ARRIVO,ID_POSSEDIMENTO,ID_CARTA) values ('325','7','3','PAGAMENTO',null,null,'VERSO BANCA','0','200','3','5',null,null,null,null);
Insert into DB_MONO.MOSSA (ID_MOSSA,TURNO,ORDINE,TIPO_MOSSA,DADO1,DADO2,TIPO_PAGAMENTO,PAGAMENTO_DATO,PAGAMENTO_RICEVUTO,ID_PARTITA,ID_GIOCATORE,CASELLA_PARTENZA,CASELLA_ARRIVO,ID_POSSEDIMENTO,ID_CARTA) values ('326','7','4','PAGAMENTO',null,null,'GENERICO','200','0','3','5',null,null,null,null);
Insert into DB_MONO.MOSSA (ID_MOSSA,TURNO,ORDINE,TIPO_MOSSA,DADO1,DADO2,TIPO_PAGAMENTO,PAGAMENTO_DATO,PAGAMENTO_RICEVUTO,ID_PARTITA,ID_GIOCATORE,CASELLA_PARTENZA,CASELLA_ARRIVO,ID_POSSEDIMENTO,ID_CARTA) values ('332','1','1','MOVIMENTO','5','5',null,null,null,'4','10','40','10',null,null);
Insert into DB_MONO.MOSSA (ID_MOSSA,TURNO,ORDINE,TIPO_MOSSA,DADO1,DADO2,TIPO_PAGAMENTO,PAGAMENTO_DATO,PAGAMENTO_RICEVUTO,ID_PARTITA,ID_GIOCATORE,CASELLA_PARTENZA,CASELLA_ARRIVO,ID_POSSEDIMENTO,ID_CARTA) values ('329','8','3','MOVIMENTO','5','2',null,null,null,'3','5','4','11',null,null);
Insert into DB_MONO.MOSSA (ID_MOSSA,TURNO,ORDINE,TIPO_MOSSA,DADO1,DADO2,TIPO_PAGAMENTO,PAGAMENTO_DATO,PAGAMENTO_RICEVUTO,ID_PARTITA,ID_GIOCATORE,CASELLA_PARTENZA,CASELLA_ARRIVO,ID_POSSEDIMENTO,ID_CARTA) values ('333','1','2','MOVIMENTO','2','5',null,null,null,'4','11','40','7',null,'17');
Insert into DB_MONO.MOSSA (ID_MOSSA,TURNO,ORDINE,TIPO_MOSSA,DADO1,DADO2,TIPO_PAGAMENTO,PAGAMENTO_DATO,PAGAMENTO_RICEVUTO,ID_PARTITA,ID_GIOCATORE,CASELLA_PARTENZA,CASELLA_ARRIVO,ID_POSSEDIMENTO,ID_CARTA) values ('431','14','3','PAGAMENTO',null,null,'GENERICO','0','25','6','6',null,null,null,null);
Insert into DB_MONO.MOSSA (ID_MOSSA,TURNO,ORDINE,TIPO_MOSSA,DADO1,DADO2,TIPO_PAGAMENTO,PAGAMENTO_DATO,PAGAMENTO_RICEVUTO,ID_PARTITA,ID_GIOCATORE,CASELLA_PARTENZA,CASELLA_ARRIVO,ID_POSSEDIMENTO,ID_CARTA) values ('432','14','4','MOVIMENTO','3','3',null,null,null,'6','9','35','1',null,null);
Insert into DB_MONO.MOSSA (ID_MOSSA,TURNO,ORDINE,TIPO_MOSSA,DADO1,DADO2,TIPO_PAGAMENTO,PAGAMENTO_DATO,PAGAMENTO_RICEVUTO,ID_PARTITA,ID_GIOCATORE,CASELLA_PARTENZA,CASELLA_ARRIVO,ID_POSSEDIMENTO,ID_CARTA) values ('201','38','1','MOVIMENTO','3','2',null,null,null,'1','3','30','35',null,null);
Insert into DB_MONO.MOSSA (ID_MOSSA,TURNO,ORDINE,TIPO_MOSSA,DADO1,DADO2,TIPO_PAGAMENTO,PAGAMENTO_DATO,PAGAMENTO_RICEVUTO,ID_PARTITA,ID_GIOCATORE,CASELLA_PARTENZA,CASELLA_ARRIVO,ID_POSSEDIMENTO,ID_CARTA) values ('202','38','2','PAGAMENTO',null,null,'VERSO BANCA','200','0','1','3',null,null,'32',null);
Insert into DB_MONO.MOSSA (ID_MOSSA,TURNO,ORDINE,TIPO_MOSSA,DADO1,DADO2,TIPO_PAGAMENTO,PAGAMENTO_DATO,PAGAMENTO_RICEVUTO,ID_PARTITA,ID_GIOCATORE,CASELLA_PARTENZA,CASELLA_ARRIVO,ID_POSSEDIMENTO,ID_CARTA) values ('433','14','5','PAGAMENTO',null,null,'VERSO BANCA','0','200','6','9',null,null,null,null);
Insert into DB_MONO.MOSSA (ID_MOSSA,TURNO,ORDINE,TIPO_MOSSA,DADO1,DADO2,TIPO_PAGAMENTO,PAGAMENTO_DATO,PAGAMENTO_RICEVUTO,ID_PARTITA,ID_GIOCATORE,CASELLA_PARTENZA,CASELLA_ARRIVO,ID_POSSEDIMENTO,ID_CARTA) values ('434','15','1','MOVIMENTO','5','2',null,null,null,'6','6','2','9',null,null);
Insert into DB_MONO.MOSSA (ID_MOSSA,TURNO,ORDINE,TIPO_MOSSA,DADO1,DADO2,TIPO_PAGAMENTO,PAGAMENTO_DATO,PAGAMENTO_RICEVUTO,ID_PARTITA,ID_GIOCATORE,CASELLA_PARTENZA,CASELLA_ARRIVO,ID_POSSEDIMENTO,ID_CARTA) values ('435','15','2','MOVIMENTO','2','5',null,null,null,'6','9','1','8',null,null);
Insert into DB_MONO.MOSSA (ID_MOSSA,TURNO,ORDINE,TIPO_MOSSA,DADO1,DADO2,TIPO_PAGAMENTO,PAGAMENTO_DATO,PAGAMENTO_RICEVUTO,ID_PARTITA,ID_GIOCATORE,CASELLA_PARTENZA,CASELLA_ARRIVO,ID_POSSEDIMENTO,ID_CARTA) values ('436','1','1','MOVIMENTO','1','5',null,null,null,'8','4','40','6',null,null);
Insert into DB_MONO.MOSSA (ID_MOSSA,TURNO,ORDINE,TIPO_MOSSA,DADO1,DADO2,TIPO_PAGAMENTO,PAGAMENTO_DATO,PAGAMENTO_RICEVUTO,ID_PARTITA,ID_GIOCATORE,CASELLA_PARTENZA,CASELLA_ARRIVO,ID_POSSEDIMENTO,ID_CARTA) values ('437','1','2','MOVIMENTO','1','1',null,null,null,'8','24','40','2',null,'8');
Insert into DB_MONO.MOSSA (ID_MOSSA,TURNO,ORDINE,TIPO_MOSSA,DADO1,DADO2,TIPO_PAGAMENTO,PAGAMENTO_DATO,PAGAMENTO_RICEVUTO,ID_PARTITA,ID_GIOCATORE,CASELLA_PARTENZA,CASELLA_ARRIVO,ID_POSSEDIMENTO,ID_CARTA) values ('438','1','3','PAGAMENTO',null,null,'GENERICO','0','60','8','24',null,null,null,null);
Insert into DB_MONO.MOSSA (ID_MOSSA,TURNO,ORDINE,TIPO_MOSSA,DADO1,DADO2,TIPO_PAGAMENTO,PAGAMENTO_DATO,PAGAMENTO_RICEVUTO,ID_PARTITA,ID_GIOCATORE,CASELLA_PARTENZA,CASELLA_ARRIVO,ID_POSSEDIMENTO,ID_CARTA) values ('439','1','4','MOVIMENTO','2','4',null,null,null,'8','25','40','6',null,null);
Insert into DB_MONO.MOSSA (ID_MOSSA,TURNO,ORDINE,TIPO_MOSSA,DADO1,DADO2,TIPO_PAGAMENTO,PAGAMENTO_DATO,PAGAMENTO_RICEVUTO,ID_PARTITA,ID_GIOCATORE,CASELLA_PARTENZA,CASELLA_ARRIVO,ID_POSSEDIMENTO,ID_CARTA) values ('440','1','5','MOVIMENTO','1','3',null,null,null,'8','26','40','4',null,null);
Insert into DB_MONO.MOSSA (ID_MOSSA,TURNO,ORDINE,TIPO_MOSSA,DADO1,DADO2,TIPO_PAGAMENTO,PAGAMENTO_DATO,PAGAMENTO_RICEVUTO,ID_PARTITA,ID_GIOCATORE,CASELLA_PARTENZA,CASELLA_ARRIVO,ID_POSSEDIMENTO,ID_CARTA) values ('441','1','6','PAGAMENTO',null,null,'GENERICO','200','0','8','26',null,null,null,null);
Insert into DB_MONO.MOSSA (ID_MOSSA,TURNO,ORDINE,TIPO_MOSSA,DADO1,DADO2,TIPO_PAGAMENTO,PAGAMENTO_DATO,PAGAMENTO_RICEVUTO,ID_PARTITA,ID_GIOCATORE,CASELLA_PARTENZA,CASELLA_ARRIVO,ID_POSSEDIMENTO,ID_CARTA) values ('442','2','1','MOVIMENTO','2','1',null,null,null,'8','4','6','9',null,null);
Insert into DB_MONO.MOSSA (ID_MOSSA,TURNO,ORDINE,TIPO_MOSSA,DADO1,DADO2,TIPO_PAGAMENTO,PAGAMENTO_DATO,PAGAMENTO_RICEVUTO,ID_PARTITA,ID_GIOCATORE,CASELLA_PARTENZA,CASELLA_ARRIVO,ID_POSSEDIMENTO,ID_CARTA) values ('443','2','2','MOVIMENTO','4','4',null,null,null,'8','24','2','10',null,null);
Insert into DB_MONO.MOSSA (ID_MOSSA,TURNO,ORDINE,TIPO_MOSSA,DADO1,DADO2,TIPO_PAGAMENTO,PAGAMENTO_DATO,PAGAMENTO_RICEVUTO,ID_PARTITA,ID_GIOCATORE,CASELLA_PARTENZA,CASELLA_ARRIVO,ID_POSSEDIMENTO,ID_CARTA) values ('444','2','3','MOVIMENTO','3','5',null,null,null,'8','25','6','14',null,null);
Insert into DB_MONO.MOSSA (ID_MOSSA,TURNO,ORDINE,TIPO_MOSSA,DADO1,DADO2,TIPO_PAGAMENTO,PAGAMENTO_DATO,PAGAMENTO_RICEVUTO,ID_PARTITA,ID_GIOCATORE,CASELLA_PARTENZA,CASELLA_ARRIVO,ID_POSSEDIMENTO,ID_CARTA) values ('445','2','4','MOVIMENTO','5','4',null,null,null,'8','26','4','13',null,null);
Insert into DB_MONO.MOSSA (ID_MOSSA,TURNO,ORDINE,TIPO_MOSSA,DADO1,DADO2,TIPO_PAGAMENTO,PAGAMENTO_DATO,PAGAMENTO_RICEVUTO,ID_PARTITA,ID_GIOCATORE,CASELLA_PARTENZA,CASELLA_ARRIVO,ID_POSSEDIMENTO,ID_CARTA) values ('446','3','1','MOVIMENTO','1','2',null,null,null,'8','4','9','12',null,null);
Insert into DB_MONO.MOSSA (ID_MOSSA,TURNO,ORDINE,TIPO_MOSSA,DADO1,DADO2,TIPO_PAGAMENTO,PAGAMENTO_DATO,PAGAMENTO_RICEVUTO,ID_PARTITA,ID_GIOCATORE,CASELLA_PARTENZA,CASELLA_ARRIVO,ID_POSSEDIMENTO,ID_CARTA) values ('447','3','2','MOVIMENTO','3','3',null,null,null,'8','24','10','16',null,null);
Insert into DB_MONO.MOSSA (ID_MOSSA,TURNO,ORDINE,TIPO_MOSSA,DADO1,DADO2,TIPO_PAGAMENTO,PAGAMENTO_DATO,PAGAMENTO_RICEVUTO,ID_PARTITA,ID_GIOCATORE,CASELLA_PARTENZA,CASELLA_ARRIVO,ID_POSSEDIMENTO,ID_CARTA) values ('448','3','3','MOVIMENTO','5','5',null,null,null,'8','25','14','24',null,null);
Insert into DB_MONO.MOSSA (ID_MOSSA,TURNO,ORDINE,TIPO_MOSSA,DADO1,DADO2,TIPO_PAGAMENTO,PAGAMENTO_DATO,PAGAMENTO_RICEVUTO,ID_PARTITA,ID_GIOCATORE,CASELLA_PARTENZA,CASELLA_ARRIVO,ID_POSSEDIMENTO,ID_CARTA) values ('449','3','4','MOVIMENTO','5','2',null,null,null,'8','26','13','20',null,null);
Insert into DB_MONO.MOSSA (ID_MOSSA,TURNO,ORDINE,TIPO_MOSSA,DADO1,DADO2,TIPO_PAGAMENTO,PAGAMENTO_DATO,PAGAMENTO_RICEVUTO,ID_PARTITA,ID_GIOCATORE,CASELLA_PARTENZA,CASELLA_ARRIVO,ID_POSSEDIMENTO,ID_CARTA) values ('450','4','1','MOVIMENTO','1','5',null,null,null,'8','4','12','18',null,null);
Insert into DB_MONO.MOSSA (ID_MOSSA,TURNO,ORDINE,TIPO_MOSSA,DADO1,DADO2,TIPO_PAGAMENTO,PAGAMENTO_DATO,PAGAMENTO_RICEVUTO,ID_PARTITA,ID_GIOCATORE,CASELLA_PARTENZA,CASELLA_ARRIVO,ID_POSSEDIMENTO,ID_CARTA) values ('451','4','2','PAGAMENTO',null,null,'VERSO BANCA','180','0','8','4',null,null,'62',null);
Insert into DB_MONO.MOSSA (ID_MOSSA,TURNO,ORDINE,TIPO_MOSSA,DADO1,DADO2,TIPO_PAGAMENTO,PAGAMENTO_DATO,PAGAMENTO_RICEVUTO,ID_PARTITA,ID_GIOCATORE,CASELLA_PARTENZA,CASELLA_ARRIVO,ID_POSSEDIMENTO,ID_CARTA) values ('452','4','3','MOVIMENTO','5','4',null,null,null,'8','24','16','25',null,null);
Insert into DB_MONO.MOSSA (ID_MOSSA,TURNO,ORDINE,TIPO_MOSSA,DADO1,DADO2,TIPO_PAGAMENTO,PAGAMENTO_DATO,PAGAMENTO_RICEVUTO,ID_PARTITA,ID_GIOCATORE,CASELLA_PARTENZA,CASELLA_ARRIVO,ID_POSSEDIMENTO,ID_CARTA) values ('453','4','4','MOVIMENTO','1','5',null,null,null,'8','25','24','30',null,null);
Insert into DB_MONO.MOSSA (ID_MOSSA,TURNO,ORDINE,TIPO_MOSSA,DADO1,DADO2,TIPO_PAGAMENTO,PAGAMENTO_DATO,PAGAMENTO_RICEVUTO,ID_PARTITA,ID_GIOCATORE,CASELLA_PARTENZA,CASELLA_ARRIVO,ID_POSSEDIMENTO,ID_CARTA) values ('454','4','5','MOVIMENTO','4','2',null,null,null,'8','26','20','26',null,null);
Insert into DB_MONO.MOSSA (ID_MOSSA,TURNO,ORDINE,TIPO_MOSSA,DADO1,DADO2,TIPO_PAGAMENTO,PAGAMENTO_DATO,PAGAMENTO_RICEVUTO,ID_PARTITA,ID_GIOCATORE,CASELLA_PARTENZA,CASELLA_ARRIVO,ID_POSSEDIMENTO,ID_CARTA) values ('455','5','1','MOVIMENTO','2','5',null,null,null,'8','4','18','25',null,null);
Insert into DB_MONO.MOSSA (ID_MOSSA,TURNO,ORDINE,TIPO_MOSSA,DADO1,DADO2,TIPO_PAGAMENTO,PAGAMENTO_DATO,PAGAMENTO_RICEVUTO,ID_PARTITA,ID_GIOCATORE,CASELLA_PARTENZA,CASELLA_ARRIVO,ID_POSSEDIMENTO,ID_CARTA) values ('456','5','2','MOVIMENTO','1','1',null,null,null,'8','24','25','27',null,null);
Insert into DB_MONO.MOSSA (ID_MOSSA,TURNO,ORDINE,TIPO_MOSSA,DADO1,DADO2,TIPO_PAGAMENTO,PAGAMENTO_DATO,PAGAMENTO_RICEVUTO,ID_PARTITA,ID_GIOCATORE,CASELLA_PARTENZA,CASELLA_ARRIVO,ID_POSSEDIMENTO,ID_CARTA) values ('457','5','3','PAGAMENTO',null,null,'VERSO BANCA','260','0','8','24',null,null,'63',null);
Insert into DB_MONO.MOSSA (ID_MOSSA,TURNO,ORDINE,TIPO_MOSSA,DADO1,DADO2,TIPO_PAGAMENTO,PAGAMENTO_DATO,PAGAMENTO_RICEVUTO,ID_PARTITA,ID_GIOCATORE,CASELLA_PARTENZA,CASELLA_ARRIVO,ID_POSSEDIMENTO,ID_CARTA) values ('458','5','4','MOVIMENTO','4','2',null,null,null,'8','26','26','32',null,null);
Insert into DB_MONO.MOSSA (ID_MOSSA,TURNO,ORDINE,TIPO_MOSSA,DADO1,DADO2,TIPO_PAGAMENTO,PAGAMENTO_DATO,PAGAMENTO_RICEVUTO,ID_PARTITA,ID_GIOCATORE,CASELLA_PARTENZA,CASELLA_ARRIVO,ID_POSSEDIMENTO,ID_CARTA) values ('459','6','1','MOVIMENTO','2','2',null,null,null,'8','4','25','29',null,null);
Insert into DB_MONO.MOSSA (ID_MOSSA,TURNO,ORDINE,TIPO_MOSSA,DADO1,DADO2,TIPO_PAGAMENTO,PAGAMENTO_DATO,PAGAMENTO_RICEVUTO,ID_PARTITA,ID_GIOCATORE,CASELLA_PARTENZA,CASELLA_ARRIVO,ID_POSSEDIMENTO,ID_CARTA) values ('460','6','2','MOVIMENTO','3','5',null,null,null,'8','24','27','35',null,null);
Insert into DB_MONO.MOSSA (ID_MOSSA,TURNO,ORDINE,TIPO_MOSSA,DADO1,DADO2,TIPO_PAGAMENTO,PAGAMENTO_DATO,PAGAMENTO_RICEVUTO,ID_PARTITA,ID_GIOCATORE,CASELLA_PARTENZA,CASELLA_ARRIVO,ID_POSSEDIMENTO,ID_CARTA) values ('461','6','3','MOVIMENTO','2','3',null,null,null,'8','26','32','37',null,null);
Insert into DB_MONO.MOSSA (ID_MOSSA,TURNO,ORDINE,TIPO_MOSSA,DADO1,DADO2,TIPO_PAGAMENTO,PAGAMENTO_DATO,PAGAMENTO_RICEVUTO,ID_PARTITA,ID_GIOCATORE,CASELLA_PARTENZA,CASELLA_ARRIVO,ID_POSSEDIMENTO,ID_CARTA) values ('462','6','4','PAGAMENTO',null,null,'VERSO BANCA','350','0','8','26',null,null,'64',null);
Insert into DB_MONO.MOSSA (ID_MOSSA,TURNO,ORDINE,TIPO_MOSSA,DADO1,DADO2,TIPO_PAGAMENTO,PAGAMENTO_DATO,PAGAMENTO_RICEVUTO,ID_PARTITA,ID_GIOCATORE,CASELLA_PARTENZA,CASELLA_ARRIVO,ID_POSSEDIMENTO,ID_CARTA) values ('463','7','1','MOVIMENTO','3','4',null,null,null,'8','4','29','36',null,'11');
Insert into DB_MONO.MOSSA (ID_MOSSA,TURNO,ORDINE,TIPO_MOSSA,DADO1,DADO2,TIPO_PAGAMENTO,PAGAMENTO_DATO,PAGAMENTO_RICEVUTO,ID_PARTITA,ID_GIOCATORE,CASELLA_PARTENZA,CASELLA_ARRIVO,ID_POSSEDIMENTO,ID_CARTA) values ('464','7','2','MOVIMENTO','1','3',null,null,null,'8','24','35','39',null,null);
Insert into DB_MONO.MOSSA (ID_MOSSA,TURNO,ORDINE,TIPO_MOSSA,DADO1,DADO2,TIPO_PAGAMENTO,PAGAMENTO_DATO,PAGAMENTO_RICEVUTO,ID_PARTITA,ID_GIOCATORE,CASELLA_PARTENZA,CASELLA_ARRIVO,ID_POSSEDIMENTO,ID_CARTA) values ('465','7','3','PAGAMENTO',null,null,'VERSO BANCA','400','0','8','24',null,null,'65',null);
Insert into DB_MONO.MOSSA (ID_MOSSA,TURNO,ORDINE,TIPO_MOSSA,DADO1,DADO2,TIPO_PAGAMENTO,PAGAMENTO_DATO,PAGAMENTO_RICEVUTO,ID_PARTITA,ID_GIOCATORE,CASELLA_PARTENZA,CASELLA_ARRIVO,ID_POSSEDIMENTO,ID_CARTA) values ('466','7','4','MOVIMENTO','3','2',null,null,null,'8','26','37','2',null,'6');
Insert into DB_MONO.MOSSA (ID_MOSSA,TURNO,ORDINE,TIPO_MOSSA,DADO1,DADO2,TIPO_PAGAMENTO,PAGAMENTO_DATO,PAGAMENTO_RICEVUTO,ID_PARTITA,ID_GIOCATORE,CASELLA_PARTENZA,CASELLA_ARRIVO,ID_POSSEDIMENTO,ID_CARTA) values ('467','7','5','PAGAMENTO',null,null,'VERSO BANCA','0','200','8','26',null,null,null,null);
Insert into DB_MONO.MOSSA (ID_MOSSA,TURNO,ORDINE,TIPO_MOSSA,DADO1,DADO2,TIPO_PAGAMENTO,PAGAMENTO_DATO,PAGAMENTO_RICEVUTO,ID_PARTITA,ID_GIOCATORE,CASELLA_PARTENZA,CASELLA_ARRIVO,ID_POSSEDIMENTO,ID_CARTA) values ('468','7','6','PAGAMENTO',null,null,'GENERICO','0','200','8','26',null,null,null,null);
Insert into DB_MONO.MOSSA (ID_MOSSA,TURNO,ORDINE,TIPO_MOSSA,DADO1,DADO2,TIPO_PAGAMENTO,PAGAMENTO_DATO,PAGAMENTO_RICEVUTO,ID_PARTITA,ID_GIOCATORE,CASELLA_PARTENZA,CASELLA_ARRIVO,ID_POSSEDIMENTO,ID_CARTA) values ('469','1','1','MOVIMENTO','2','4',null,null,null,'7','18','40','6',null,null);
Insert into DB_MONO.MOSSA (ID_MOSSA,TURNO,ORDINE,TIPO_MOSSA,DADO1,DADO2,TIPO_PAGAMENTO,PAGAMENTO_DATO,PAGAMENTO_RICEVUTO,ID_PARTITA,ID_GIOCATORE,CASELLA_PARTENZA,CASELLA_ARRIVO,ID_POSSEDIMENTO,ID_CARTA) values ('470','1','2','MOVIMENTO','1','4',null,null,null,'7','19','40','5',null,null);
Insert into DB_MONO.MOSSA (ID_MOSSA,TURNO,ORDINE,TIPO_MOSSA,DADO1,DADO2,TIPO_PAGAMENTO,PAGAMENTO_DATO,PAGAMENTO_RICEVUTO,ID_PARTITA,ID_GIOCATORE,CASELLA_PARTENZA,CASELLA_ARRIVO,ID_POSSEDIMENTO,ID_CARTA) values ('471','1','3','MOVIMENTO','4','2',null,null,null,'7','20','40','6',null,null);
Insert into DB_MONO.MOSSA (ID_MOSSA,TURNO,ORDINE,TIPO_MOSSA,DADO1,DADO2,TIPO_PAGAMENTO,PAGAMENTO_DATO,PAGAMENTO_RICEVUTO,ID_PARTITA,ID_GIOCATORE,CASELLA_PARTENZA,CASELLA_ARRIVO,ID_POSSEDIMENTO,ID_CARTA) values ('473','1','5','MOVIMENTO','3','5',null,null,null,'7','22','40','8',null,null);
Insert into DB_MONO.MOSSA (ID_MOSSA,TURNO,ORDINE,TIPO_MOSSA,DADO1,DADO2,TIPO_PAGAMENTO,PAGAMENTO_DATO,PAGAMENTO_RICEVUTO,ID_PARTITA,ID_GIOCATORE,CASELLA_PARTENZA,CASELLA_ARRIVO,ID_POSSEDIMENTO,ID_CARTA) values ('474','1','6','MOVIMENTO','5','5',null,null,null,'7','23','40','10',null,null);
Insert into DB_MONO.MOSSA (ID_MOSSA,TURNO,ORDINE,TIPO_MOSSA,DADO1,DADO2,TIPO_PAGAMENTO,PAGAMENTO_DATO,PAGAMENTO_RICEVUTO,ID_PARTITA,ID_GIOCATORE,CASELLA_PARTENZA,CASELLA_ARRIVO,ID_POSSEDIMENTO,ID_CARTA) values ('475','2','1','MOVIMENTO','1','3',null,null,null,'7','18','6','10',null,null);
Insert into DB_MONO.MOSSA (ID_MOSSA,TURNO,ORDINE,TIPO_MOSSA,DADO1,DADO2,TIPO_PAGAMENTO,PAGAMENTO_DATO,PAGAMENTO_RICEVUTO,ID_PARTITA,ID_GIOCATORE,CASELLA_PARTENZA,CASELLA_ARRIVO,ID_POSSEDIMENTO,ID_CARTA) values ('476','2','2','MOVIMENTO','2','5',null,null,null,'7','19','5','12',null,null);
Insert into DB_MONO.MOSSA (ID_MOSSA,TURNO,ORDINE,TIPO_MOSSA,DADO1,DADO2,TIPO_PAGAMENTO,PAGAMENTO_DATO,PAGAMENTO_RICEVUTO,ID_PARTITA,ID_GIOCATORE,CASELLA_PARTENZA,CASELLA_ARRIVO,ID_POSSEDIMENTO,ID_CARTA) values ('477','2','3','MOVIMENTO','1','2',null,null,null,'7','20','6','9',null,null);
Insert into DB_MONO.MOSSA (ID_MOSSA,TURNO,ORDINE,TIPO_MOSSA,DADO1,DADO2,TIPO_PAGAMENTO,PAGAMENTO_DATO,PAGAMENTO_RICEVUTO,ID_PARTITA,ID_GIOCATORE,CASELLA_PARTENZA,CASELLA_ARRIVO,ID_POSSEDIMENTO,ID_CARTA) values ('479','1','2','PAGAMENTO',null,null,'VERSO GIOCATORE','50','0','9','27',null,null,null,null);
Insert into DB_MONO.MOSSA (ID_MOSSA,TURNO,ORDINE,TIPO_MOSSA,DADO1,DADO2,TIPO_PAGAMENTO,PAGAMENTO_DATO,PAGAMENTO_RICEVUTO,ID_PARTITA,ID_GIOCATORE,CASELLA_PARTENZA,CASELLA_ARRIVO,ID_POSSEDIMENTO,ID_CARTA) values ('480','1','3','PAGAMENTO',null,null,'VERSO GIOCATORE','50','0','9','27',null,null,null,null);
Insert into DB_MONO.MOSSA (ID_MOSSA,TURNO,ORDINE,TIPO_MOSSA,DADO1,DADO2,TIPO_PAGAMENTO,PAGAMENTO_DATO,PAGAMENTO_RICEVUTO,ID_PARTITA,ID_GIOCATORE,CASELLA_PARTENZA,CASELLA_ARRIVO,ID_POSSEDIMENTO,ID_CARTA) values ('481','1','4','MOVIMENTO','5','4',null,null,null,'9','28','40','9',null,null);
Insert into DB_MONO.MOSSA (ID_MOSSA,TURNO,ORDINE,TIPO_MOSSA,DADO1,DADO2,TIPO_PAGAMENTO,PAGAMENTO_DATO,PAGAMENTO_RICEVUTO,ID_PARTITA,ID_GIOCATORE,CASELLA_PARTENZA,CASELLA_ARRIVO,ID_POSSEDIMENTO,ID_CARTA) values ('482','1','5','PAGAMENTO',null,null,'VERSO BANCA','120','0','9','28',null,null,'66',null);
Insert into DB_MONO.MOSSA (ID_MOSSA,TURNO,ORDINE,TIPO_MOSSA,DADO1,DADO2,TIPO_PAGAMENTO,PAGAMENTO_DATO,PAGAMENTO_RICEVUTO,ID_PARTITA,ID_GIOCATORE,CASELLA_PARTENZA,CASELLA_ARRIVO,ID_POSSEDIMENTO,ID_CARTA) values ('483','1','6','MOVIMENTO','1','4',null,null,null,'9','29','40','5',null,null);
Insert into DB_MONO.MOSSA (ID_MOSSA,TURNO,ORDINE,TIPO_MOSSA,DADO1,DADO2,TIPO_PAGAMENTO,PAGAMENTO_DATO,PAGAMENTO_RICEVUTO,ID_PARTITA,ID_GIOCATORE,CASELLA_PARTENZA,CASELLA_ARRIVO,ID_POSSEDIMENTO,ID_CARTA) values ('484','1','7','PAGAMENTO',null,null,'VERSO BANCA','200','0','9','29',null,null,'67',null);
Insert into DB_MONO.MOSSA (ID_MOSSA,TURNO,ORDINE,TIPO_MOSSA,DADO1,DADO2,TIPO_PAGAMENTO,PAGAMENTO_DATO,PAGAMENTO_RICEVUTO,ID_PARTITA,ID_GIOCATORE,CASELLA_PARTENZA,CASELLA_ARRIVO,ID_POSSEDIMENTO,ID_CARTA) values ('485','2','1','MOVIMENTO','3','4',null,null,null,'9','27','7','14',null,null);
Insert into DB_MONO.MOSSA (ID_MOSSA,TURNO,ORDINE,TIPO_MOSSA,DADO1,DADO2,TIPO_PAGAMENTO,PAGAMENTO_DATO,PAGAMENTO_RICEVUTO,ID_PARTITA,ID_GIOCATORE,CASELLA_PARTENZA,CASELLA_ARRIVO,ID_POSSEDIMENTO,ID_CARTA) values ('486','2','2','PAGAMENTO',null,null,'VERSO BANCA','160','0','9','27',null,null,'68',null);
Insert into DB_MONO.MOSSA (ID_MOSSA,TURNO,ORDINE,TIPO_MOSSA,DADO1,DADO2,TIPO_PAGAMENTO,PAGAMENTO_DATO,PAGAMENTO_RICEVUTO,ID_PARTITA,ID_GIOCATORE,CASELLA_PARTENZA,CASELLA_ARRIVO,ID_POSSEDIMENTO,ID_CARTA) values ('487','2','3','MOVIMENTO','3','5',null,null,null,'9','28','9','17',null,'2');
Insert into DB_MONO.MOSSA (ID_MOSSA,TURNO,ORDINE,TIPO_MOSSA,DADO1,DADO2,TIPO_PAGAMENTO,PAGAMENTO_DATO,PAGAMENTO_RICEVUTO,ID_PARTITA,ID_GIOCATORE,CASELLA_PARTENZA,CASELLA_ARRIVO,ID_POSSEDIMENTO,ID_CARTA) values ('488','2','4','PAGAMENTO',null,null,'GENERICO','0','100','9','28',null,null,null,null);
Insert into DB_MONO.MOSSA (ID_MOSSA,TURNO,ORDINE,TIPO_MOSSA,DADO1,DADO2,TIPO_PAGAMENTO,PAGAMENTO_DATO,PAGAMENTO_RICEVUTO,ID_PARTITA,ID_GIOCATORE,CASELLA_PARTENZA,CASELLA_ARRIVO,ID_POSSEDIMENTO,ID_CARTA) values ('489','2','5','MOVIMENTO','1','3',null,null,null,'9','29','5','9',null,null);
Insert into DB_MONO.MOSSA (ID_MOSSA,TURNO,ORDINE,TIPO_MOSSA,DADO1,DADO2,TIPO_PAGAMENTO,PAGAMENTO_DATO,PAGAMENTO_RICEVUTO,ID_PARTITA,ID_GIOCATORE,CASELLA_PARTENZA,CASELLA_ARRIVO,ID_POSSEDIMENTO,ID_CARTA) values ('490','2','6','PAGAMENTO',null,null,'VERSO GIOCATORE','8','0','9','29',null,null,null,null);
Insert into DB_MONO.MOSSA (ID_MOSSA,TURNO,ORDINE,TIPO_MOSSA,DADO1,DADO2,TIPO_PAGAMENTO,PAGAMENTO_DATO,PAGAMENTO_RICEVUTO,ID_PARTITA,ID_GIOCATORE,CASELLA_PARTENZA,CASELLA_ARRIVO,ID_POSSEDIMENTO,ID_CARTA) values ('491','3','1','MOVIMENTO','1','2',null,null,null,'9','27','14','17',null,'7');
Insert into DB_MONO.MOSSA (ID_MOSSA,TURNO,ORDINE,TIPO_MOSSA,DADO1,DADO2,TIPO_PAGAMENTO,PAGAMENTO_DATO,PAGAMENTO_RICEVUTO,ID_PARTITA,ID_GIOCATORE,CASELLA_PARTENZA,CASELLA_ARRIVO,ID_POSSEDIMENTO,ID_CARTA) values ('495','3','5','MOVIMENTO','4','1',null,null,null,'9','29','9','14',null,null);
Insert into DB_MONO.MOSSA (ID_MOSSA,TURNO,ORDINE,TIPO_MOSSA,DADO1,DADO2,TIPO_PAGAMENTO,PAGAMENTO_DATO,PAGAMENTO_RICEVUTO,ID_PARTITA,ID_GIOCATORE,CASELLA_PARTENZA,CASELLA_ARRIVO,ID_POSSEDIMENTO,ID_CARTA) values ('496','3','6','PAGAMENTO',null,null,'VERSO GIOCATORE','12','0','9','29',null,null,null,null);
Insert into DB_MONO.MOSSA (ID_MOSSA,TURNO,ORDINE,TIPO_MOSSA,DADO1,DADO2,TIPO_PAGAMENTO,PAGAMENTO_DATO,PAGAMENTO_RICEVUTO,ID_PARTITA,ID_GIOCATORE,CASELLA_PARTENZA,CASELLA_ARRIVO,ID_POSSEDIMENTO,ID_CARTA) values ('497','4','1','MOVIMENTO','5','4',null,null,null,'9','27','17','26',null,null);
Insert into DB_MONO.MOSSA (ID_MOSSA,TURNO,ORDINE,TIPO_MOSSA,DADO1,DADO2,TIPO_PAGAMENTO,PAGAMENTO_DATO,PAGAMENTO_RICEVUTO,ID_PARTITA,ID_GIOCATORE,CASELLA_PARTENZA,CASELLA_ARRIVO,ID_POSSEDIMENTO,ID_CARTA) values ('498','4','2','MOVIMENTO','3','3',null,null,null,'9','28','23','29',null,null);
Insert into DB_MONO.MOSSA (ID_MOSSA,TURNO,ORDINE,TIPO_MOSSA,DADO1,DADO2,TIPO_PAGAMENTO,PAGAMENTO_DATO,PAGAMENTO_RICEVUTO,ID_PARTITA,ID_GIOCATORE,CASELLA_PARTENZA,CASELLA_ARRIVO,ID_POSSEDIMENTO,ID_CARTA) values ('499','4','3','MOVIMENTO','4','3',null,null,null,'9','29','14','21',null,null);
Insert into DB_MONO.MOSSA (ID_MOSSA,TURNO,ORDINE,TIPO_MOSSA,DADO1,DADO2,TIPO_PAGAMENTO,PAGAMENTO_DATO,PAGAMENTO_RICEVUTO,ID_PARTITA,ID_GIOCATORE,CASELLA_PARTENZA,CASELLA_ARRIVO,ID_POSSEDIMENTO,ID_CARTA) values ('500','5','1','MOVIMENTO','2','4',null,null,null,'9','27','26','32',null,null);
Insert into DB_MONO.MOSSA (ID_MOSSA,TURNO,ORDINE,TIPO_MOSSA,DADO1,DADO2,TIPO_PAGAMENTO,PAGAMENTO_DATO,PAGAMENTO_RICEVUTO,ID_PARTITA,ID_GIOCATORE,CASELLA_PARTENZA,CASELLA_ARRIVO,ID_POSSEDIMENTO,ID_CARTA) values ('501','5','2','PAGAMENTO',null,null,'VERSO BANCA','300','0','9','27',null,null,'70',null);
Insert into DB_MONO.MOSSA (ID_MOSSA,TURNO,ORDINE,TIPO_MOSSA,DADO1,DADO2,TIPO_PAGAMENTO,PAGAMENTO_DATO,PAGAMENTO_RICEVUTO,ID_PARTITA,ID_GIOCATORE,CASELLA_PARTENZA,CASELLA_ARRIVO,ID_POSSEDIMENTO,ID_CARTA) values ('502','5','3','MOVIMENTO','1','2',null,null,null,'9','28','29','32',null,null);
Insert into DB_MONO.MOSSA (ID_MOSSA,TURNO,ORDINE,TIPO_MOSSA,DADO1,DADO2,TIPO_PAGAMENTO,PAGAMENTO_DATO,PAGAMENTO_RICEVUTO,ID_PARTITA,ID_GIOCATORE,CASELLA_PARTENZA,CASELLA_ARRIVO,ID_POSSEDIMENTO,ID_CARTA) values ('503','5','4','PAGAMENTO',null,null,'VERSO GIOCATORE','26','0','9','28',null,null,null,null);
Insert into DB_MONO.MOSSA (ID_MOSSA,TURNO,ORDINE,TIPO_MOSSA,DADO1,DADO2,TIPO_PAGAMENTO,PAGAMENTO_DATO,PAGAMENTO_RICEVUTO,ID_PARTITA,ID_GIOCATORE,CASELLA_PARTENZA,CASELLA_ARRIVO,ID_POSSEDIMENTO,ID_CARTA) values ('504','5','5','MOVIMENTO','3','4',null,null,null,'9','29','21','28',null,null);
Insert into DB_MONO.MOSSA (ID_MOSSA,TURNO,ORDINE,TIPO_MOSSA,DADO1,DADO2,TIPO_PAGAMENTO,PAGAMENTO_DATO,PAGAMENTO_RICEVUTO,ID_PARTITA,ID_GIOCATORE,CASELLA_PARTENZA,CASELLA_ARRIVO,ID_POSSEDIMENTO,ID_CARTA) values ('505','6','1','MOVIMENTO','4','3',null,null,null,'9','27','32','39',null,null);
Insert into DB_MONO.MOSSA (ID_MOSSA,TURNO,ORDINE,TIPO_MOSSA,DADO1,DADO2,TIPO_PAGAMENTO,PAGAMENTO_DATO,PAGAMENTO_RICEVUTO,ID_PARTITA,ID_GIOCATORE,CASELLA_PARTENZA,CASELLA_ARRIVO,ID_POSSEDIMENTO,ID_CARTA) values ('506','6','2','PAGAMENTO',null,null,'VERSO BANCA','400','0','9','27',null,null,'71',null);
Insert into DB_MONO.MOSSA (ID_MOSSA,TURNO,ORDINE,TIPO_MOSSA,DADO1,DADO2,TIPO_PAGAMENTO,PAGAMENTO_DATO,PAGAMENTO_RICEVUTO,ID_PARTITA,ID_GIOCATORE,CASELLA_PARTENZA,CASELLA_ARRIVO,ID_POSSEDIMENTO,ID_CARTA) values ('507','6','3','MOVIMENTO','5','4',null,null,null,'9','28','32','1',null,null);
Insert into DB_MONO.MOSSA (ID_MOSSA,TURNO,ORDINE,TIPO_MOSSA,DADO1,DADO2,TIPO_PAGAMENTO,PAGAMENTO_DATO,PAGAMENTO_RICEVUTO,ID_PARTITA,ID_GIOCATORE,CASELLA_PARTENZA,CASELLA_ARRIVO,ID_POSSEDIMENTO,ID_CARTA) values ('508','6','4','PAGAMENTO',null,null,'VERSO BANCA','0','200','9','28',null,null,null,null);
Insert into DB_MONO.MOSSA (ID_MOSSA,TURNO,ORDINE,TIPO_MOSSA,DADO1,DADO2,TIPO_PAGAMENTO,PAGAMENTO_DATO,PAGAMENTO_RICEVUTO,ID_PARTITA,ID_GIOCATORE,CASELLA_PARTENZA,CASELLA_ARRIVO,ID_POSSEDIMENTO,ID_CARTA) values ('509','6','5','MOVIMENTO','5','5',null,null,null,'9','29','28','38',null,null);
Insert into DB_MONO.MOSSA (ID_MOSSA,TURNO,ORDINE,TIPO_MOSSA,DADO1,DADO2,TIPO_PAGAMENTO,PAGAMENTO_DATO,PAGAMENTO_RICEVUTO,ID_PARTITA,ID_GIOCATORE,CASELLA_PARTENZA,CASELLA_ARRIVO,ID_POSSEDIMENTO,ID_CARTA) values ('510','6','6','PAGAMENTO',null,null,'GENERICO','100','0','9','29',null,null,null,null);
Insert into DB_MONO.MOSSA (ID_MOSSA,TURNO,ORDINE,TIPO_MOSSA,DADO1,DADO2,TIPO_PAGAMENTO,PAGAMENTO_DATO,PAGAMENTO_RICEVUTO,ID_PARTITA,ID_GIOCATORE,CASELLA_PARTENZA,CASELLA_ARRIVO,ID_POSSEDIMENTO,ID_CARTA) values ('511','7','1','MOVIMENTO','2','1',null,null,null,'9','27','39','2',null,'3');
Insert into DB_MONO.MOSSA (ID_MOSSA,TURNO,ORDINE,TIPO_MOSSA,DADO1,DADO2,TIPO_PAGAMENTO,PAGAMENTO_DATO,PAGAMENTO_RICEVUTO,ID_PARTITA,ID_GIOCATORE,CASELLA_PARTENZA,CASELLA_ARRIVO,ID_POSSEDIMENTO,ID_CARTA) values ('512','7','2','PAGAMENTO',null,null,'VERSO BANCA','0','200','9','27',null,null,null,null);
Insert into DB_MONO.MOSSA (ID_MOSSA,TURNO,ORDINE,TIPO_MOSSA,DADO1,DADO2,TIPO_PAGAMENTO,PAGAMENTO_DATO,PAGAMENTO_RICEVUTO,ID_PARTITA,ID_GIOCATORE,CASELLA_PARTENZA,CASELLA_ARRIVO,ID_POSSEDIMENTO,ID_CARTA) values ('513','7','3','PAGAMENTO',null,null,'GENERICO','0','100','9','27',null,null,null,null);
Insert into DB_MONO.MOSSA (ID_MOSSA,TURNO,ORDINE,TIPO_MOSSA,DADO1,DADO2,TIPO_PAGAMENTO,PAGAMENTO_DATO,PAGAMENTO_RICEVUTO,ID_PARTITA,ID_GIOCATORE,CASELLA_PARTENZA,CASELLA_ARRIVO,ID_POSSEDIMENTO,ID_CARTA) values ('514','7','4','MOVIMENTO','4','2',null,null,null,'9','28','1','7',null,'15');
Insert into DB_MONO.MOSSA (ID_MOSSA,TURNO,ORDINE,TIPO_MOSSA,DADO1,DADO2,TIPO_PAGAMENTO,PAGAMENTO_DATO,PAGAMENTO_RICEVUTO,ID_PARTITA,ID_GIOCATORE,CASELLA_PARTENZA,CASELLA_ARRIVO,ID_POSSEDIMENTO,ID_CARTA) values ('515','7','5','MOVIMENTO','3','4',null,null,null,'9','29','38','5',null,null);
Insert into DB_MONO.MOSSA (ID_MOSSA,TURNO,ORDINE,TIPO_MOSSA,DADO1,DADO2,TIPO_PAGAMENTO,PAGAMENTO_DATO,PAGAMENTO_RICEVUTO,ID_PARTITA,ID_GIOCATORE,CASELLA_PARTENZA,CASELLA_ARRIVO,ID_POSSEDIMENTO,ID_CARTA) values ('516','7','6','PAGAMENTO',null,null,'VERSO BANCA','0','200','9','29',null,null,null,null);
Insert into DB_MONO.MOSSA (ID_MOSSA,TURNO,ORDINE,TIPO_MOSSA,DADO1,DADO2,TIPO_PAGAMENTO,PAGAMENTO_DATO,PAGAMENTO_RICEVUTO,ID_PARTITA,ID_GIOCATORE,CASELLA_PARTENZA,CASELLA_ARRIVO,ID_POSSEDIMENTO,ID_CARTA) values ('521','9','2','MOVIMENTO','3','4',null,null,null,'9','28','15','22',null,'16');
Insert into DB_MONO.MOSSA (ID_MOSSA,TURNO,ORDINE,TIPO_MOSSA,DADO1,DADO2,TIPO_PAGAMENTO,PAGAMENTO_DATO,PAGAMENTO_RICEVUTO,ID_PARTITA,ID_GIOCATORE,CASELLA_PARTENZA,CASELLA_ARRIVO,ID_POSSEDIMENTO,ID_CARTA) values ('522','9','3','PAGAMENTO',null,null,'GENERICO','15','0','9','28',null,null,null,null);
Insert into DB_MONO.MOSSA (ID_MOSSA,TURNO,ORDINE,TIPO_MOSSA,DADO1,DADO2,TIPO_PAGAMENTO,PAGAMENTO_DATO,PAGAMENTO_RICEVUTO,ID_PARTITA,ID_GIOCATORE,CASELLA_PARTENZA,CASELLA_ARRIVO,ID_POSSEDIMENTO,ID_CARTA) values ('523','9','4','MOVIMENTO','1','4',null,null,null,'9','29','10','15',null,null);
Insert into DB_MONO.MOSSA (ID_MOSSA,TURNO,ORDINE,TIPO_MOSSA,DADO1,DADO2,TIPO_PAGAMENTO,PAGAMENTO_DATO,PAGAMENTO_RICEVUTO,ID_PARTITA,ID_GIOCATORE,CASELLA_PARTENZA,CASELLA_ARRIVO,ID_POSSEDIMENTO,ID_CARTA) values ('524','9','5','PAGAMENTO',null,null,'VERSO BANCA','200','0','9','29',null,null,'72',null);
Insert into DB_MONO.MOSSA (ID_MOSSA,TURNO,ORDINE,TIPO_MOSSA,DADO1,DADO2,TIPO_PAGAMENTO,PAGAMENTO_DATO,PAGAMENTO_RICEVUTO,ID_PARTITA,ID_GIOCATORE,CASELLA_PARTENZA,CASELLA_ARRIVO,ID_POSSEDIMENTO,ID_CARTA) values ('525','10','1','MOVIMENTO','1','3',null,null,null,'9','27','13','17',null,'3');
Insert into DB_MONO.MOSSA (ID_MOSSA,TURNO,ORDINE,TIPO_MOSSA,DADO1,DADO2,TIPO_PAGAMENTO,PAGAMENTO_DATO,PAGAMENTO_RICEVUTO,ID_PARTITA,ID_GIOCATORE,CASELLA_PARTENZA,CASELLA_ARRIVO,ID_POSSEDIMENTO,ID_CARTA) values ('526','10','2','PAGAMENTO',null,null,'GENERICO','0','100','9','27',null,null,null,null);
Insert into DB_MONO.MOSSA (ID_MOSSA,TURNO,ORDINE,TIPO_MOSSA,DADO1,DADO2,TIPO_PAGAMENTO,PAGAMENTO_DATO,PAGAMENTO_RICEVUTO,ID_PARTITA,ID_GIOCATORE,CASELLA_PARTENZA,CASELLA_ARRIVO,ID_POSSEDIMENTO,ID_CARTA) values ('527','10','3','MOVIMENTO','2','2',null,null,null,'9','28','22','26',null,null);
Insert into DB_MONO.MOSSA (ID_MOSSA,TURNO,ORDINE,TIPO_MOSSA,DADO1,DADO2,TIPO_PAGAMENTO,PAGAMENTO_DATO,PAGAMENTO_RICEVUTO,ID_PARTITA,ID_GIOCATORE,CASELLA_PARTENZA,CASELLA_ARRIVO,ID_POSSEDIMENTO,ID_CARTA) values ('528','11','1','MOVIMENTO','5','1',null,null,null,'9','28','26','32',null,null);
Insert into DB_MONO.MOSSA (ID_MOSSA,TURNO,ORDINE,TIPO_MOSSA,DADO1,DADO2,TIPO_PAGAMENTO,PAGAMENTO_DATO,PAGAMENTO_RICEVUTO,ID_PARTITA,ID_GIOCATORE,CASELLA_PARTENZA,CASELLA_ARRIVO,ID_POSSEDIMENTO,ID_CARTA) values ('529','10','4','MOVIMENTO','3','4',null,null,null,'9','29','15','22',null,'10');
Insert into DB_MONO.MOSSA (ID_MOSSA,TURNO,ORDINE,TIPO_MOSSA,DADO1,DADO2,TIPO_PAGAMENTO,PAGAMENTO_DATO,PAGAMENTO_RICEVUTO,ID_PARTITA,ID_GIOCATORE,CASELLA_PARTENZA,CASELLA_ARRIVO,ID_POSSEDIMENTO,ID_CARTA) values ('335','1','4','PAGAMENTO',null,null,'VERSO GIOCATORE','50','0','4','12',null,null,null,null);
Insert into DB_MONO.MOSSA (ID_MOSSA,TURNO,ORDINE,TIPO_MOSSA,DADO1,DADO2,TIPO_PAGAMENTO,PAGAMENTO_DATO,PAGAMENTO_RICEVUTO,ID_PARTITA,ID_GIOCATORE,CASELLA_PARTENZA,CASELLA_ARRIVO,ID_POSSEDIMENTO,ID_CARTA) values ('336','1','5','PAGAMENTO',null,null,'VERSO GIOCATORE','50','0','4','12',null,null,null,null);
Insert into DB_MONO.MOSSA (ID_MOSSA,TURNO,ORDINE,TIPO_MOSSA,DADO1,DADO2,TIPO_PAGAMENTO,PAGAMENTO_DATO,PAGAMENTO_RICEVUTO,ID_PARTITA,ID_GIOCATORE,CASELLA_PARTENZA,CASELLA_ARRIVO,ID_POSSEDIMENTO,ID_CARTA) values ('337','1','6','PAGAMENTO',null,null,'VERSO GIOCATORE','50','0','4','12',null,null,null,null);
Insert into DB_MONO.MOSSA (ID_MOSSA,TURNO,ORDINE,TIPO_MOSSA,DADO1,DADO2,TIPO_PAGAMENTO,PAGAMENTO_DATO,PAGAMENTO_RICEVUTO,ID_PARTITA,ID_GIOCATORE,CASELLA_PARTENZA,CASELLA_ARRIVO,ID_POSSEDIMENTO,ID_CARTA) values ('338','1','7','PAGAMENTO',null,null,'VERSO GIOCATORE','50','0','4','12',null,null,null,null);
Insert into DB_MONO.MOSSA (ID_MOSSA,TURNO,ORDINE,TIPO_MOSSA,DADO1,DADO2,TIPO_PAGAMENTO,PAGAMENTO_DATO,PAGAMENTO_RICEVUTO,ID_PARTITA,ID_GIOCATORE,CASELLA_PARTENZA,CASELLA_ARRIVO,ID_POSSEDIMENTO,ID_CARTA) values ('339','1','8','PAGAMENTO',null,null,'VERSO GIOCATORE','50','0','4','12',null,null,null,null);
Insert into DB_MONO.MOSSA (ID_MOSSA,TURNO,ORDINE,TIPO_MOSSA,DADO1,DADO2,TIPO_PAGAMENTO,PAGAMENTO_DATO,PAGAMENTO_RICEVUTO,ID_PARTITA,ID_GIOCATORE,CASELLA_PARTENZA,CASELLA_ARRIVO,ID_POSSEDIMENTO,ID_CARTA) values ('340','1','9','MOVIMENTO','1','5',null,null,null,'4','13','40','6',null,null);
Insert into DB_MONO.MOSSA (ID_MOSSA,TURNO,ORDINE,TIPO_MOSSA,DADO1,DADO2,TIPO_PAGAMENTO,PAGAMENTO_DATO,PAGAMENTO_RICEVUTO,ID_PARTITA,ID_GIOCATORE,CASELLA_PARTENZA,CASELLA_ARRIVO,ID_POSSEDIMENTO,ID_CARTA) values ('341','1','10','MOVIMENTO','4','3',null,null,null,'4','14','40','7',null,'10');
Insert into DB_MONO.MOSSA (ID_MOSSA,TURNO,ORDINE,TIPO_MOSSA,DADO1,DADO2,TIPO_PAGAMENTO,PAGAMENTO_DATO,PAGAMENTO_RICEVUTO,ID_PARTITA,ID_GIOCATORE,CASELLA_PARTENZA,CASELLA_ARRIVO,ID_POSSEDIMENTO,ID_CARTA) values ('342','1','11','MOVIMENTO','4','1',null,null,null,'4','15','40','5',null,null);
Insert into DB_MONO.MOSSA (ID_MOSSA,TURNO,ORDINE,TIPO_MOSSA,DADO1,DADO2,TIPO_PAGAMENTO,PAGAMENTO_DATO,PAGAMENTO_RICEVUTO,ID_PARTITA,ID_GIOCATORE,CASELLA_PARTENZA,CASELLA_ARRIVO,ID_POSSEDIMENTO,ID_CARTA) values ('345','2','3','MOVIMENTO','2','2',null,null,null,'4','12','7','11',null,null);
Insert into DB_MONO.MOSSA (ID_MOSSA,TURNO,ORDINE,TIPO_MOSSA,DADO1,DADO2,TIPO_PAGAMENTO,PAGAMENTO_DATO,PAGAMENTO_RICEVUTO,ID_PARTITA,ID_GIOCATORE,CASELLA_PARTENZA,CASELLA_ARRIVO,ID_POSSEDIMENTO,ID_CARTA) values ('343','2','1','MOVIMENTO','5','5',null,null,null,'4','10','10','20',null,null);
Insert into DB_MONO.MOSSA (ID_MOSSA,TURNO,ORDINE,TIPO_MOSSA,DADO1,DADO2,TIPO_PAGAMENTO,PAGAMENTO_DATO,PAGAMENTO_RICEVUTO,ID_PARTITA,ID_GIOCATORE,CASELLA_PARTENZA,CASELLA_ARRIVO,ID_POSSEDIMENTO,ID_CARTA) values ('334','1','3','MOVIMENTO','5','2',null,null,null,'4','12','40','7',null,'13');
Insert into DB_MONO.MOSSA (ID_MOSSA,TURNO,ORDINE,TIPO_MOSSA,DADO1,DADO2,TIPO_PAGAMENTO,PAGAMENTO_DATO,PAGAMENTO_RICEVUTO,ID_PARTITA,ID_GIOCATORE,CASELLA_PARTENZA,CASELLA_ARRIVO,ID_POSSEDIMENTO,ID_CARTA) values ('344','2','2','MOVIMENTO','2','4',null,null,null,'4','11','7','13',null,null);
Insert into DB_MONO.MOSSA (ID_MOSSA,TURNO,ORDINE,TIPO_MOSSA,DADO1,DADO2,TIPO_PAGAMENTO,PAGAMENTO_DATO,PAGAMENTO_RICEVUTO,ID_PARTITA,ID_GIOCATORE,CASELLA_PARTENZA,CASELLA_ARRIVO,ID_POSSEDIMENTO,ID_CARTA) values ('346','2','4','MOVIMENTO','2','3',null,null,null,'4','13','6','11',null,null);
Insert into DB_MONO.MOSSA (ID_MOSSA,TURNO,ORDINE,TIPO_MOSSA,DADO1,DADO2,TIPO_PAGAMENTO,PAGAMENTO_DATO,PAGAMENTO_RICEVUTO,ID_PARTITA,ID_GIOCATORE,CASELLA_PARTENZA,CASELLA_ARRIVO,ID_POSSEDIMENTO,ID_CARTA) values ('347','2','5','MOVIMENTO','1','5',null,null,null,'4','14','7','13',null,null);
Insert into DB_MONO.MOSSA (ID_MOSSA,TURNO,ORDINE,TIPO_MOSSA,DADO1,DADO2,TIPO_PAGAMENTO,PAGAMENTO_DATO,PAGAMENTO_RICEVUTO,ID_PARTITA,ID_GIOCATORE,CASELLA_PARTENZA,CASELLA_ARRIVO,ID_POSSEDIMENTO,ID_CARTA) values ('348','2','6','MOVIMENTO','4','3',null,null,null,'4','15','5','12',null,null);
Insert into DB_MONO.MOSSA (ID_MOSSA,TURNO,ORDINE,TIPO_MOSSA,DADO1,DADO2,TIPO_PAGAMENTO,PAGAMENTO_DATO,PAGAMENTO_RICEVUTO,ID_PARTITA,ID_GIOCATORE,CASELLA_PARTENZA,CASELLA_ARRIVO,ID_POSSEDIMENTO,ID_CARTA) values ('349','3','1','MOVIMENTO','3','4',null,null,null,'4','10','20','27',null,null);
Insert into DB_MONO.MOSSA (ID_MOSSA,TURNO,ORDINE,TIPO_MOSSA,DADO1,DADO2,TIPO_PAGAMENTO,PAGAMENTO_DATO,PAGAMENTO_RICEVUTO,ID_PARTITA,ID_GIOCATORE,CASELLA_PARTENZA,CASELLA_ARRIVO,ID_POSSEDIMENTO,ID_CARTA) values ('350','3','2','MOVIMENTO','3','5',null,null,null,'4','11','13','21',null,null);
Insert into DB_MONO.MOSSA (ID_MOSSA,TURNO,ORDINE,TIPO_MOSSA,DADO1,DADO2,TIPO_PAGAMENTO,PAGAMENTO_DATO,PAGAMENTO_RICEVUTO,ID_PARTITA,ID_GIOCATORE,CASELLA_PARTENZA,CASELLA_ARRIVO,ID_POSSEDIMENTO,ID_CARTA) values ('351','3','3','MOVIMENTO','4','1',null,null,null,'4','12','11','16',null,null);
Insert into DB_MONO.MOSSA (ID_MOSSA,TURNO,ORDINE,TIPO_MOSSA,DADO1,DADO2,TIPO_PAGAMENTO,PAGAMENTO_DATO,PAGAMENTO_RICEVUTO,ID_PARTITA,ID_GIOCATORE,CASELLA_PARTENZA,CASELLA_ARRIVO,ID_POSSEDIMENTO,ID_CARTA) values ('352','1','1','MOVIMENTO','2','2',null,null,null,'5','16','40','4',null,null);
Insert into DB_MONO.MOSSA (ID_MOSSA,TURNO,ORDINE,TIPO_MOSSA,DADO1,DADO2,TIPO_PAGAMENTO,PAGAMENTO_DATO,PAGAMENTO_RICEVUTO,ID_PARTITA,ID_GIOCATORE,CASELLA_PARTENZA,CASELLA_ARRIVO,ID_POSSEDIMENTO,ID_CARTA) values ('353','1','2','PAGAMENTO',null,null,'GENERICO','200','0','5','16',null,null,null,null);
Insert into DB_MONO.MOSSA (ID_MOSSA,TURNO,ORDINE,TIPO_MOSSA,DADO1,DADO2,TIPO_PAGAMENTO,PAGAMENTO_DATO,PAGAMENTO_RICEVUTO,ID_PARTITA,ID_GIOCATORE,CASELLA_PARTENZA,CASELLA_ARRIVO,ID_POSSEDIMENTO,ID_CARTA) values ('354','1','3','MOVIMENTO','4','5',null,null,null,'5','17','40','9',null,null);
Insert into DB_MONO.MOSSA (ID_MOSSA,TURNO,ORDINE,TIPO_MOSSA,DADO1,DADO2,TIPO_PAGAMENTO,PAGAMENTO_DATO,PAGAMENTO_RICEVUTO,ID_PARTITA,ID_GIOCATORE,CASELLA_PARTENZA,CASELLA_ARRIVO,ID_POSSEDIMENTO,ID_CARTA) values ('355','1','4','PAGAMENTO',null,null,'VERSO BANCA','120','0','5','17',null,null,'46',null);
Insert into DB_MONO.MOSSA (ID_MOSSA,TURNO,ORDINE,TIPO_MOSSA,DADO1,DADO2,TIPO_PAGAMENTO,PAGAMENTO_DATO,PAGAMENTO_RICEVUTO,ID_PARTITA,ID_GIOCATORE,CASELLA_PARTENZA,CASELLA_ARRIVO,ID_POSSEDIMENTO,ID_CARTA) values ('356','2','1','MOVIMENTO','1','3',null,null,null,'5','16','4','8',null,null);
Insert into DB_MONO.MOSSA (ID_MOSSA,TURNO,ORDINE,TIPO_MOSSA,DADO1,DADO2,TIPO_PAGAMENTO,PAGAMENTO_DATO,PAGAMENTO_RICEVUTO,ID_PARTITA,ID_GIOCATORE,CASELLA_PARTENZA,CASELLA_ARRIVO,ID_POSSEDIMENTO,ID_CARTA) values ('357','2','2','PAGAMENTO',null,null,'VERSO BANCA','100','0','5','16',null,null,'47',null);
Insert into DB_MONO.MOSSA (ID_MOSSA,TURNO,ORDINE,TIPO_MOSSA,DADO1,DADO2,TIPO_PAGAMENTO,PAGAMENTO_DATO,PAGAMENTO_RICEVUTO,ID_PARTITA,ID_GIOCATORE,CASELLA_PARTENZA,CASELLA_ARRIVO,ID_POSSEDIMENTO,ID_CARTA) values ('358','2','3','MOVIMENTO','5','1',null,null,null,'5','17','9','15',null,null);
Insert into DB_MONO.MOSSA (ID_MOSSA,TURNO,ORDINE,TIPO_MOSSA,DADO1,DADO2,TIPO_PAGAMENTO,PAGAMENTO_DATO,PAGAMENTO_RICEVUTO,ID_PARTITA,ID_GIOCATORE,CASELLA_PARTENZA,CASELLA_ARRIVO,ID_POSSEDIMENTO,ID_CARTA) values ('359','2','4','PAGAMENTO',null,null,'VERSO BANCA','200','0','5','17',null,null,'48',null);
Insert into DB_MONO.MOSSA (ID_MOSSA,TURNO,ORDINE,TIPO_MOSSA,DADO1,DADO2,TIPO_PAGAMENTO,PAGAMENTO_DATO,PAGAMENTO_RICEVUTO,ID_PARTITA,ID_GIOCATORE,CASELLA_PARTENZA,CASELLA_ARRIVO,ID_POSSEDIMENTO,ID_CARTA) values ('360','3','1','MOVIMENTO','2','3',null,null,null,'5','16','8','13',null,null);
Insert into DB_MONO.MOSSA (ID_MOSSA,TURNO,ORDINE,TIPO_MOSSA,DADO1,DADO2,TIPO_PAGAMENTO,PAGAMENTO_DATO,PAGAMENTO_RICEVUTO,ID_PARTITA,ID_GIOCATORE,CASELLA_PARTENZA,CASELLA_ARRIVO,ID_POSSEDIMENTO,ID_CARTA) values ('361','3','2','PAGAMENTO',null,null,'VERSO BANCA','140','0','5','16',null,null,'49',null);
Insert into DB_MONO.MOSSA (ID_MOSSA,TURNO,ORDINE,TIPO_MOSSA,DADO1,DADO2,TIPO_PAGAMENTO,PAGAMENTO_DATO,PAGAMENTO_RICEVUTO,ID_PARTITA,ID_GIOCATORE,CASELLA_PARTENZA,CASELLA_ARRIVO,ID_POSSEDIMENTO,ID_CARTA) values ('362','3','3','MOVIMENTO','2','4',null,null,null,'5','17','15','21',null,null);
Insert into DB_MONO.MOSSA (ID_MOSSA,TURNO,ORDINE,TIPO_MOSSA,DADO1,DADO2,TIPO_PAGAMENTO,PAGAMENTO_DATO,PAGAMENTO_RICEVUTO,ID_PARTITA,ID_GIOCATORE,CASELLA_PARTENZA,CASELLA_ARRIVO,ID_POSSEDIMENTO,ID_CARTA) values ('363','3','4','PAGAMENTO',null,null,'VERSO BANCA','220','0','5','17',null,null,'50',null);
Insert into DB_MONO.MOSSA (ID_MOSSA,TURNO,ORDINE,TIPO_MOSSA,DADO1,DADO2,TIPO_PAGAMENTO,PAGAMENTO_DATO,PAGAMENTO_RICEVUTO,ID_PARTITA,ID_GIOCATORE,CASELLA_PARTENZA,CASELLA_ARRIVO,ID_POSSEDIMENTO,ID_CARTA) values ('364','4','1','MOVIMENTO','5','4',null,null,null,'5','16','13','22',null,'10');
Insert into DB_MONO.MOSSA (ID_MOSSA,TURNO,ORDINE,TIPO_MOSSA,DADO1,DADO2,TIPO_PAGAMENTO,PAGAMENTO_DATO,PAGAMENTO_RICEVUTO,ID_PARTITA,ID_GIOCATORE,CASELLA_PARTENZA,CASELLA_ARRIVO,ID_POSSEDIMENTO,ID_CARTA) values ('365','4','2','MOVIMENTO','3','2',null,null,null,'5','17','21','26',null,null);
Insert into DB_MONO.MOSSA (ID_MOSSA,TURNO,ORDINE,TIPO_MOSSA,DADO1,DADO2,TIPO_PAGAMENTO,PAGAMENTO_DATO,PAGAMENTO_RICEVUTO,ID_PARTITA,ID_GIOCATORE,CASELLA_PARTENZA,CASELLA_ARRIVO,ID_POSSEDIMENTO,ID_CARTA) values ('366','4','3','PAGAMENTO',null,null,'VERSO BANCA','260','0','5','17',null,null,'51',null);
Insert into DB_MONO.MOSSA (ID_MOSSA,TURNO,ORDINE,TIPO_MOSSA,DADO1,DADO2,TIPO_PAGAMENTO,PAGAMENTO_DATO,PAGAMENTO_RICEVUTO,ID_PARTITA,ID_GIOCATORE,CASELLA_PARTENZA,CASELLA_ARRIVO,ID_POSSEDIMENTO,ID_CARTA) values ('367','5','1','MOVIMENTO','5','2',null,null,null,'5','16','22','29',null,null);
Insert into DB_MONO.MOSSA (ID_MOSSA,TURNO,ORDINE,TIPO_MOSSA,DADO1,DADO2,TIPO_PAGAMENTO,PAGAMENTO_DATO,PAGAMENTO_RICEVUTO,ID_PARTITA,ID_GIOCATORE,CASELLA_PARTENZA,CASELLA_ARRIVO,ID_POSSEDIMENTO,ID_CARTA) values ('368','5','2','PAGAMENTO',null,null,'VERSO BANCA','280','0','5','16',null,null,'52',null);
Insert into DB_MONO.MOSSA (ID_MOSSA,TURNO,ORDINE,TIPO_MOSSA,DADO1,DADO2,TIPO_PAGAMENTO,PAGAMENTO_DATO,PAGAMENTO_RICEVUTO,ID_PARTITA,ID_GIOCATORE,CASELLA_PARTENZA,CASELLA_ARRIVO,ID_POSSEDIMENTO,ID_CARTA) values ('369','5','3','MOVIMENTO','5','3',null,null,null,'5','17','26','34',null,null);
Insert into DB_MONO.MOSSA (ID_MOSSA,TURNO,ORDINE,TIPO_MOSSA,DADO1,DADO2,TIPO_PAGAMENTO,PAGAMENTO_DATO,PAGAMENTO_RICEVUTO,ID_PARTITA,ID_GIOCATORE,CASELLA_PARTENZA,CASELLA_ARRIVO,ID_POSSEDIMENTO,ID_CARTA) values ('370','5','4','PAGAMENTO',null,null,'VERSO BANCA','320','0','5','17',null,null,'53',null);
Insert into DB_MONO.MOSSA (ID_MOSSA,TURNO,ORDINE,TIPO_MOSSA,DADO1,DADO2,TIPO_PAGAMENTO,PAGAMENTO_DATO,PAGAMENTO_RICEVUTO,ID_PARTITA,ID_GIOCATORE,CASELLA_PARTENZA,CASELLA_ARRIVO,ID_POSSEDIMENTO,ID_CARTA) values ('371','6','1','MOVIMENTO','3','2',null,null,null,'5','16','29','34',null,null);
Insert into DB_MONO.MOSSA (ID_MOSSA,TURNO,ORDINE,TIPO_MOSSA,DADO1,DADO2,TIPO_PAGAMENTO,PAGAMENTO_DATO,PAGAMENTO_RICEVUTO,ID_PARTITA,ID_GIOCATORE,CASELLA_PARTENZA,CASELLA_ARRIVO,ID_POSSEDIMENTO,ID_CARTA) values ('372','6','2','PAGAMENTO',null,null,'VERSO GIOCATORE','28','0','5','16',null,null,null,null);
Insert into DB_MONO.MOSSA (ID_MOSSA,TURNO,ORDINE,TIPO_MOSSA,DADO1,DADO2,TIPO_PAGAMENTO,PAGAMENTO_DATO,PAGAMENTO_RICEVUTO,ID_PARTITA,ID_GIOCATORE,CASELLA_PARTENZA,CASELLA_ARRIVO,ID_POSSEDIMENTO,ID_CARTA) values ('373','6','3','MOVIMENTO','1','2',null,null,null,'5','17','34','37',null,null);
Insert into DB_MONO.MOSSA (ID_MOSSA,TURNO,ORDINE,TIPO_MOSSA,DADO1,DADO2,TIPO_PAGAMENTO,PAGAMENTO_DATO,PAGAMENTO_RICEVUTO,ID_PARTITA,ID_GIOCATORE,CASELLA_PARTENZA,CASELLA_ARRIVO,ID_POSSEDIMENTO,ID_CARTA) values ('374','7','1','MOVIMENTO','3','1',null,null,null,'5','16','34','38',null,null);
Insert into DB_MONO.MOSSA (ID_MOSSA,TURNO,ORDINE,TIPO_MOSSA,DADO1,DADO2,TIPO_PAGAMENTO,PAGAMENTO_DATO,PAGAMENTO_RICEVUTO,ID_PARTITA,ID_GIOCATORE,CASELLA_PARTENZA,CASELLA_ARRIVO,ID_POSSEDIMENTO,ID_CARTA) values ('375','7','2','PAGAMENTO',null,null,'GENERICO','100','0','5','16',null,null,null,null);
Insert into DB_MONO.MOSSA (ID_MOSSA,TURNO,ORDINE,TIPO_MOSSA,DADO1,DADO2,TIPO_PAGAMENTO,PAGAMENTO_DATO,PAGAMENTO_RICEVUTO,ID_PARTITA,ID_GIOCATORE,CASELLA_PARTENZA,CASELLA_ARRIVO,ID_POSSEDIMENTO,ID_CARTA) values ('376','7','3','MOVIMENTO','1','1',null,null,null,'5','17','37','39',null,null);
Insert into DB_MONO.MOSSA (ID_MOSSA,TURNO,ORDINE,TIPO_MOSSA,DADO1,DADO2,TIPO_PAGAMENTO,PAGAMENTO_DATO,PAGAMENTO_RICEVUTO,ID_PARTITA,ID_GIOCATORE,CASELLA_PARTENZA,CASELLA_ARRIVO,ID_POSSEDIMENTO,ID_CARTA) values ('377','7','4','MOVIMENTO','4','2',null,null,null,'5','17','23','29',null,null);
Insert into DB_MONO.MOSSA (ID_MOSSA,TURNO,ORDINE,TIPO_MOSSA,DADO1,DADO2,TIPO_PAGAMENTO,PAGAMENTO_DATO,PAGAMENTO_RICEVUTO,ID_PARTITA,ID_GIOCATORE,CASELLA_PARTENZA,CASELLA_ARRIVO,ID_POSSEDIMENTO,ID_CARTA) values ('378','7','5','PAGAMENTO',null,null,'VERSO BANCA','0','200','5','17',null,null,null,null);
Insert into DB_MONO.MOSSA (ID_MOSSA,TURNO,ORDINE,TIPO_MOSSA,DADO1,DADO2,TIPO_PAGAMENTO,PAGAMENTO_DATO,PAGAMENTO_RICEVUTO,ID_PARTITA,ID_GIOCATORE,CASELLA_PARTENZA,CASELLA_ARRIVO,ID_POSSEDIMENTO,ID_CARTA) values ('379','8','1','MOVIMENTO','4','1',null,null,null,'5','16','38','3',null,null);
Insert into DB_MONO.MOSSA (ID_MOSSA,TURNO,ORDINE,TIPO_MOSSA,DADO1,DADO2,TIPO_PAGAMENTO,PAGAMENTO_DATO,PAGAMENTO_RICEVUTO,ID_PARTITA,ID_GIOCATORE,CASELLA_PARTENZA,CASELLA_ARRIVO,ID_POSSEDIMENTO,ID_CARTA) values ('380','8','2','PAGAMENTO',null,null,'VERSO BANCA','0','200','5','16',null,null,null,null);
Insert into DB_MONO.MOSSA (ID_MOSSA,TURNO,ORDINE,TIPO_MOSSA,DADO1,DADO2,TIPO_PAGAMENTO,PAGAMENTO_DATO,PAGAMENTO_RICEVUTO,ID_PARTITA,ID_GIOCATORE,CASELLA_PARTENZA,CASELLA_ARRIVO,ID_POSSEDIMENTO,ID_CARTA) values ('381','8','3','MOVIMENTO','5','5',null,null,null,'5','17','29','39',null,null);
Insert into DB_MONO.MOSSA (ID_MOSSA,TURNO,ORDINE,TIPO_MOSSA,DADO1,DADO2,TIPO_PAGAMENTO,PAGAMENTO_DATO,PAGAMENTO_RICEVUTO,ID_PARTITA,ID_GIOCATORE,CASELLA_PARTENZA,CASELLA_ARRIVO,ID_POSSEDIMENTO,ID_CARTA) values ('382','8','4','PAGAMENTO',null,null,'VERSO BANCA','400','0','5','17',null,null,'54',null);
Insert into DB_MONO.MOSSA (ID_MOSSA,TURNO,ORDINE,TIPO_MOSSA,DADO1,DADO2,TIPO_PAGAMENTO,PAGAMENTO_DATO,PAGAMENTO_RICEVUTO,ID_PARTITA,ID_GIOCATORE,CASELLA_PARTENZA,CASELLA_ARRIVO,ID_POSSEDIMENTO,ID_CARTA) values ('383','9','1','MOVIMENTO','2','4',null,null,null,'5','16','3','9',null,null);
Insert into DB_MONO.MOSSA (ID_MOSSA,TURNO,ORDINE,TIPO_MOSSA,DADO1,DADO2,TIPO_PAGAMENTO,PAGAMENTO_DATO,PAGAMENTO_RICEVUTO,ID_PARTITA,ID_GIOCATORE,CASELLA_PARTENZA,CASELLA_ARRIVO,ID_POSSEDIMENTO,ID_CARTA) values ('384','9','2','PAGAMENTO',null,null,'VERSO GIOCATORE','8','0','5','16',null,null,null,null);
Insert into DB_MONO.MOSSA (ID_MOSSA,TURNO,ORDINE,TIPO_MOSSA,DADO1,DADO2,TIPO_PAGAMENTO,PAGAMENTO_DATO,PAGAMENTO_RICEVUTO,ID_PARTITA,ID_GIOCATORE,CASELLA_PARTENZA,CASELLA_ARRIVO,ID_POSSEDIMENTO,ID_CARTA) values ('385','9','3','MOVIMENTO','2','2',null,null,null,'5','17','39','3',null,null);
Insert into DB_MONO.MOSSA (ID_MOSSA,TURNO,ORDINE,TIPO_MOSSA,DADO1,DADO2,TIPO_PAGAMENTO,PAGAMENTO_DATO,PAGAMENTO_RICEVUTO,ID_PARTITA,ID_GIOCATORE,CASELLA_PARTENZA,CASELLA_ARRIVO,ID_POSSEDIMENTO,ID_CARTA) values ('386','9','4','PAGAMENTO',null,null,'VERSO BANCA','0','200','5','17',null,null,null,null);
Insert into DB_MONO.MOSSA (ID_MOSSA,TURNO,ORDINE,TIPO_MOSSA,DADO1,DADO2,TIPO_PAGAMENTO,PAGAMENTO_DATO,PAGAMENTO_RICEVUTO,ID_PARTITA,ID_GIOCATORE,CASELLA_PARTENZA,CASELLA_ARRIVO,ID_POSSEDIMENTO,ID_CARTA) values ('387','10','1','MOVIMENTO','4','4',null,null,null,'5','17','3','11',null,null);
Insert into DB_MONO.MOSSA (ID_MOSSA,TURNO,ORDINE,TIPO_MOSSA,DADO1,DADO2,TIPO_PAGAMENTO,PAGAMENTO_DATO,PAGAMENTO_RICEVUTO,ID_PARTITA,ID_GIOCATORE,CASELLA_PARTENZA,CASELLA_ARRIVO,ID_POSSEDIMENTO,ID_CARTA) values ('388','11','1','MOVIMENTO','4','1',null,null,null,'5','17','11','16',null,null);
Insert into DB_MONO.MOSSA (ID_MOSSA,TURNO,ORDINE,TIPO_MOSSA,DADO1,DADO2,TIPO_PAGAMENTO,PAGAMENTO_DATO,PAGAMENTO_RICEVUTO,ID_PARTITA,ID_GIOCATORE,CASELLA_PARTENZA,CASELLA_ARRIVO,ID_POSSEDIMENTO,ID_CARTA) values ('389','10','2','MOVIMENTO','4','2',null,null,null,'5','16','9','15',null,null);
Insert into DB_MONO.MOSSA (ID_MOSSA,TURNO,ORDINE,TIPO_MOSSA,DADO1,DADO2,TIPO_PAGAMENTO,PAGAMENTO_DATO,PAGAMENTO_RICEVUTO,ID_PARTITA,ID_GIOCATORE,CASELLA_PARTENZA,CASELLA_ARRIVO,ID_POSSEDIMENTO,ID_CARTA) values ('390','12','1','MOVIMENTO','3','4',null,null,null,'5','17','16','23',null,null);
Insert into DB_MONO.MOSSA (ID_MOSSA,TURNO,ORDINE,TIPO_MOSSA,DADO1,DADO2,TIPO_PAGAMENTO,PAGAMENTO_DATO,PAGAMENTO_RICEVUTO,ID_PARTITA,ID_GIOCATORE,CASELLA_PARTENZA,CASELLA_ARRIVO,ID_POSSEDIMENTO,ID_CARTA) values ('391','1','1','MOVIMENTO','5','1',null,null,null,'6','6','40','6',null,null);
Insert into DB_MONO.MOSSA (ID_MOSSA,TURNO,ORDINE,TIPO_MOSSA,DADO1,DADO2,TIPO_PAGAMENTO,PAGAMENTO_DATO,PAGAMENTO_RICEVUTO,ID_PARTITA,ID_GIOCATORE,CASELLA_PARTENZA,CASELLA_ARRIVO,ID_POSSEDIMENTO,ID_CARTA) values ('392','1','2','MOVIMENTO','3','2',null,null,null,'6','9','40','5',null,null);
Insert into DB_MONO.MOSSA (ID_MOSSA,TURNO,ORDINE,TIPO_MOSSA,DADO1,DADO2,TIPO_PAGAMENTO,PAGAMENTO_DATO,PAGAMENTO_RICEVUTO,ID_PARTITA,ID_GIOCATORE,CASELLA_PARTENZA,CASELLA_ARRIVO,ID_POSSEDIMENTO,ID_CARTA) values ('393','2','1','MOVIMENTO','3','5',null,null,null,'6','6','6','14',null,null);
Insert into DB_MONO.MOSSA (ID_MOSSA,TURNO,ORDINE,TIPO_MOSSA,DADO1,DADO2,TIPO_PAGAMENTO,PAGAMENTO_DATO,PAGAMENTO_RICEVUTO,ID_PARTITA,ID_GIOCATORE,CASELLA_PARTENZA,CASELLA_ARRIVO,ID_POSSEDIMENTO,ID_CARTA) values ('394','2','2','MOVIMENTO','4','2',null,null,null,'6','9','5','11',null,null);
Insert into DB_MONO.MOSSA (ID_MOSSA,TURNO,ORDINE,TIPO_MOSSA,DADO1,DADO2,TIPO_PAGAMENTO,PAGAMENTO_DATO,PAGAMENTO_RICEVUTO,ID_PARTITA,ID_GIOCATORE,CASELLA_PARTENZA,CASELLA_ARRIVO,ID_POSSEDIMENTO,ID_CARTA) values ('395','3','1','MOVIMENTO','5','1',null,null,null,'6','6','14','20',null,null);
Insert into DB_MONO.MOSSA (ID_MOSSA,TURNO,ORDINE,TIPO_MOSSA,DADO1,DADO2,TIPO_PAGAMENTO,PAGAMENTO_DATO,PAGAMENTO_RICEVUTO,ID_PARTITA,ID_GIOCATORE,CASELLA_PARTENZA,CASELLA_ARRIVO,ID_POSSEDIMENTO,ID_CARTA) values ('396','3','2','MOVIMENTO','5','5',null,null,null,'6','9','11','21',null,null);
Insert into DB_MONO.MOSSA (ID_MOSSA,TURNO,ORDINE,TIPO_MOSSA,DADO1,DADO2,TIPO_PAGAMENTO,PAGAMENTO_DATO,PAGAMENTO_RICEVUTO,ID_PARTITA,ID_GIOCATORE,CASELLA_PARTENZA,CASELLA_ARRIVO,ID_POSSEDIMENTO,ID_CARTA) values ('397','4','1','MOVIMENTO','3','2',null,null,null,'6','6','20','25',null,null);
Insert into DB_MONO.MOSSA (ID_MOSSA,TURNO,ORDINE,TIPO_MOSSA,DADO1,DADO2,TIPO_PAGAMENTO,PAGAMENTO_DATO,PAGAMENTO_RICEVUTO,ID_PARTITA,ID_GIOCATORE,CASELLA_PARTENZA,CASELLA_ARRIVO,ID_POSSEDIMENTO,ID_CARTA) values ('398','4','2','MOVIMENTO','3','3',null,null,null,'6','9','21','27',null,null);
Insert into DB_MONO.MOSSA (ID_MOSSA,TURNO,ORDINE,TIPO_MOSSA,DADO1,DADO2,TIPO_PAGAMENTO,PAGAMENTO_DATO,PAGAMENTO_RICEVUTO,ID_PARTITA,ID_GIOCATORE,CASELLA_PARTENZA,CASELLA_ARRIVO,ID_POSSEDIMENTO,ID_CARTA) values ('399','5','1','MOVIMENTO','2','4',null,null,null,'6','9','27','33',null,'4');
Insert into DB_MONO.MOSSA (ID_MOSSA,TURNO,ORDINE,TIPO_MOSSA,DADO1,DADO2,TIPO_PAGAMENTO,PAGAMENTO_DATO,PAGAMENTO_RICEVUTO,ID_PARTITA,ID_GIOCATORE,CASELLA_PARTENZA,CASELLA_ARRIVO,ID_POSSEDIMENTO,ID_CARTA) values ('400','5','2','PAGAMENTO',null,null,'GENERICO','50','0','6','9',null,null,null,null);
Insert into DB_MONO.MOSSA (ID_MOSSA,TURNO,ORDINE,TIPO_MOSSA,DADO1,DADO2,TIPO_PAGAMENTO,PAGAMENTO_DATO,PAGAMENTO_RICEVUTO,ID_PARTITA,ID_GIOCATORE,CASELLA_PARTENZA,CASELLA_ARRIVO,ID_POSSEDIMENTO,ID_CARTA) values ('401','5','3','MOVIMENTO','1','2',null,null,null,'6','6','25','28',null,null);
Insert into DB_MONO.MOSSA (ID_MOSSA,TURNO,ORDINE,TIPO_MOSSA,DADO1,DADO2,TIPO_PAGAMENTO,PAGAMENTO_DATO,PAGAMENTO_RICEVUTO,ID_PARTITA,ID_GIOCATORE,CASELLA_PARTENZA,CASELLA_ARRIVO,ID_POSSEDIMENTO,ID_CARTA) values ('402','5','4','PAGAMENTO',null,null,'VERSO BANCA','150','0','6','6',null,null,'55',null);
Insert into DB_MONO.MOSSA (ID_MOSSA,TURNO,ORDINE,TIPO_MOSSA,DADO1,DADO2,TIPO_PAGAMENTO,PAGAMENTO_DATO,PAGAMENTO_RICEVUTO,ID_PARTITA,ID_GIOCATORE,CASELLA_PARTENZA,CASELLA_ARRIVO,ID_POSSEDIMENTO,ID_CARTA) values ('403','6','1','MOVIMENTO','3','4',null,null,null,'6','9','33','40',null,null);
Insert into DB_MONO.MOSSA (ID_MOSSA,TURNO,ORDINE,TIPO_MOSSA,DADO1,DADO2,TIPO_PAGAMENTO,PAGAMENTO_DATO,PAGAMENTO_RICEVUTO,ID_PARTITA,ID_GIOCATORE,CASELLA_PARTENZA,CASELLA_ARRIVO,ID_POSSEDIMENTO,ID_CARTA) values ('404','6','2','MOVIMENTO','1','2',null,null,null,'6','6','28','31',null,null);
Insert into DB_MONO.MOSSA (ID_MOSSA,TURNO,ORDINE,TIPO_MOSSA,DADO1,DADO2,TIPO_PAGAMENTO,PAGAMENTO_DATO,PAGAMENTO_RICEVUTO,ID_PARTITA,ID_GIOCATORE,CASELLA_PARTENZA,CASELLA_ARRIVO,ID_POSSEDIMENTO,ID_CARTA) values ('405','6','3','PAGAMENTO',null,null,'VERSO BANCA','300','0','6','6',null,null,'56',null);
Insert into DB_MONO.MOSSA (ID_MOSSA,TURNO,ORDINE,TIPO_MOSSA,DADO1,DADO2,TIPO_PAGAMENTO,PAGAMENTO_DATO,PAGAMENTO_RICEVUTO,ID_PARTITA,ID_GIOCATORE,CASELLA_PARTENZA,CASELLA_ARRIVO,ID_POSSEDIMENTO,ID_CARTA) values ('406','7','1','MOVIMENTO','4','1',null,null,null,'6','9','40','5',null,null);
Insert into DB_MONO.MOSSA (ID_MOSSA,TURNO,ORDINE,TIPO_MOSSA,DADO1,DADO2,TIPO_PAGAMENTO,PAGAMENTO_DATO,PAGAMENTO_RICEVUTO,ID_PARTITA,ID_GIOCATORE,CASELLA_PARTENZA,CASELLA_ARRIVO,ID_POSSEDIMENTO,ID_CARTA) values ('407','7','2','PAGAMENTO',null,null,'VERSO BANCA','0','200','6','9',null,null,null,null);
Insert into DB_MONO.MOSSA (ID_MOSSA,TURNO,ORDINE,TIPO_MOSSA,DADO1,DADO2,TIPO_PAGAMENTO,PAGAMENTO_DATO,PAGAMENTO_RICEVUTO,ID_PARTITA,ID_GIOCATORE,CASELLA_PARTENZA,CASELLA_ARRIVO,ID_POSSEDIMENTO,ID_CARTA) values ('408','7','3','PAGAMENTO',null,null,'VERSO BANCA','200','0','6','9',null,null,'57',null);
Insert into DB_MONO.MOSSA (ID_MOSSA,TURNO,ORDINE,TIPO_MOSSA,DADO1,DADO2,TIPO_PAGAMENTO,PAGAMENTO_DATO,PAGAMENTO_RICEVUTO,ID_PARTITA,ID_GIOCATORE,CASELLA_PARTENZA,CASELLA_ARRIVO,ID_POSSEDIMENTO,ID_CARTA) values ('409','7','4','MOVIMENTO','5','3',null,null,null,'6','6','31','39',null,null);
Insert into DB_MONO.MOSSA (ID_MOSSA,TURNO,ORDINE,TIPO_MOSSA,DADO1,DADO2,TIPO_PAGAMENTO,PAGAMENTO_DATO,PAGAMENTO_RICEVUTO,ID_PARTITA,ID_GIOCATORE,CASELLA_PARTENZA,CASELLA_ARRIVO,ID_POSSEDIMENTO,ID_CARTA) values ('410','7','5','PAGAMENTO',null,null,'VERSO BANCA','400','0','6','6',null,null,'58',null);
Insert into DB_MONO.MOSSA (ID_MOSSA,TURNO,ORDINE,TIPO_MOSSA,DADO1,DADO2,TIPO_PAGAMENTO,PAGAMENTO_DATO,PAGAMENTO_RICEVUTO,ID_PARTITA,ID_GIOCATORE,CASELLA_PARTENZA,CASELLA_ARRIVO,ID_POSSEDIMENTO,ID_CARTA) values ('411','8','1','MOVIMENTO','5','1',null,null,null,'6','9','5','11',null,null);
Insert into DB_MONO.MOSSA (ID_MOSSA,TURNO,ORDINE,TIPO_MOSSA,DADO1,DADO2,TIPO_PAGAMENTO,PAGAMENTO_DATO,PAGAMENTO_RICEVUTO,ID_PARTITA,ID_GIOCATORE,CASELLA_PARTENZA,CASELLA_ARRIVO,ID_POSSEDIMENTO,ID_CARTA) values ('412','8','2','MOVIMENTO','2','2',null,null,null,'6','6','39','3',null,null);
Insert into DB_MONO.MOSSA (ID_MOSSA,TURNO,ORDINE,TIPO_MOSSA,DADO1,DADO2,TIPO_PAGAMENTO,PAGAMENTO_DATO,PAGAMENTO_RICEVUTO,ID_PARTITA,ID_GIOCATORE,CASELLA_PARTENZA,CASELLA_ARRIVO,ID_POSSEDIMENTO,ID_CARTA) values ('413','8','3','PAGAMENTO',null,null,'VERSO BANCA','0','200','6','6',null,null,null,null);
Insert into DB_MONO.MOSSA (ID_MOSSA,TURNO,ORDINE,TIPO_MOSSA,DADO1,DADO2,TIPO_PAGAMENTO,PAGAMENTO_DATO,PAGAMENTO_RICEVUTO,ID_PARTITA,ID_GIOCATORE,CASELLA_PARTENZA,CASELLA_ARRIVO,ID_POSSEDIMENTO,ID_CARTA) values ('414','9','1','MOVIMENTO','2','2',null,null,null,'6','9','11','15',null,null);
Insert into DB_MONO.MOSSA (ID_MOSSA,TURNO,ORDINE,TIPO_MOSSA,DADO1,DADO2,TIPO_PAGAMENTO,PAGAMENTO_DATO,PAGAMENTO_RICEVUTO,ID_PARTITA,ID_GIOCATORE,CASELLA_PARTENZA,CASELLA_ARRIVO,ID_POSSEDIMENTO,ID_CARTA) values ('415','9','2','PAGAMENTO',null,null,'VERSO BANCA','200','0','6','9',null,null,'59',null);
Insert into DB_MONO.MOSSA (ID_MOSSA,TURNO,ORDINE,TIPO_MOSSA,DADO1,DADO2,TIPO_PAGAMENTO,PAGAMENTO_DATO,PAGAMENTO_RICEVUTO,ID_PARTITA,ID_GIOCATORE,CASELLA_PARTENZA,CASELLA_ARRIVO,ID_POSSEDIMENTO,ID_CARTA) values ('416','9','3','MOVIMENTO','2','4',null,null,null,'6','6','3','9',null,null);
Insert into DB_MONO.MOSSA (ID_MOSSA,TURNO,ORDINE,TIPO_MOSSA,DADO1,DADO2,TIPO_PAGAMENTO,PAGAMENTO_DATO,PAGAMENTO_RICEVUTO,ID_PARTITA,ID_GIOCATORE,CASELLA_PARTENZA,CASELLA_ARRIVO,ID_POSSEDIMENTO,ID_CARTA) values ('417','10','1','MOVIMENTO','3','3',null,null,null,'6','9','15','21',null,null);
Insert into DB_MONO.MOSSA (ID_MOSSA,TURNO,ORDINE,TIPO_MOSSA,DADO1,DADO2,TIPO_PAGAMENTO,PAGAMENTO_DATO,PAGAMENTO_RICEVUTO,ID_PARTITA,ID_GIOCATORE,CASELLA_PARTENZA,CASELLA_ARRIVO,ID_POSSEDIMENTO,ID_CARTA) values ('418','10','2','MOVIMENTO','5','3',null,null,null,'6','6','9','17',null,'1');
Insert into DB_MONO.MOSSA (ID_MOSSA,TURNO,ORDINE,TIPO_MOSSA,DADO1,DADO2,TIPO_PAGAMENTO,PAGAMENTO_DATO,PAGAMENTO_RICEVUTO,ID_PARTITA,ID_GIOCATORE,CASELLA_PARTENZA,CASELLA_ARRIVO,ID_POSSEDIMENTO,ID_CARTA) values ('419','11','1','MOVIMENTO','4','2',null,null,null,'6','9','21','27',null,null);
Insert into DB_MONO.MOSSA (ID_MOSSA,TURNO,ORDINE,TIPO_MOSSA,DADO1,DADO2,TIPO_PAGAMENTO,PAGAMENTO_DATO,PAGAMENTO_RICEVUTO,ID_PARTITA,ID_GIOCATORE,CASELLA_PARTENZA,CASELLA_ARRIVO,ID_POSSEDIMENTO,ID_CARTA) values ('420','11','2','PAGAMENTO',null,null,'VERSO BANCA','260','0','6','9',null,null,'60',null);
Insert into DB_MONO.MOSSA (ID_MOSSA,TURNO,ORDINE,TIPO_MOSSA,DADO1,DADO2,TIPO_PAGAMENTO,PAGAMENTO_DATO,PAGAMENTO_RICEVUTO,ID_PARTITA,ID_GIOCATORE,CASELLA_PARTENZA,CASELLA_ARRIVO,ID_POSSEDIMENTO,ID_CARTA) values ('421','11','3','MOVIMENTO','1','2',null,null,null,'6','6','17','20',null,null);
Insert into DB_MONO.MOSSA (ID_MOSSA,TURNO,ORDINE,TIPO_MOSSA,DADO1,DADO2,TIPO_PAGAMENTO,PAGAMENTO_DATO,PAGAMENTO_RICEVUTO,ID_PARTITA,ID_GIOCATORE,CASELLA_PARTENZA,CASELLA_ARRIVO,ID_POSSEDIMENTO,ID_CARTA) values ('422','12','1','MOVIMENTO','2','2',null,null,null,'6','9','27','31',null,null);
Insert into DB_MONO.MOSSA (ID_MOSSA,TURNO,ORDINE,TIPO_MOSSA,DADO1,DADO2,TIPO_PAGAMENTO,PAGAMENTO_DATO,PAGAMENTO_RICEVUTO,ID_PARTITA,ID_GIOCATORE,CASELLA_PARTENZA,CASELLA_ARRIVO,ID_POSSEDIMENTO,ID_CARTA) values ('423','12','2','PAGAMENTO',null,null,'VERSO GIOCATORE','26','0','6','9',null,null,null,null);
Insert into DB_MONO.MOSSA (ID_MOSSA,TURNO,ORDINE,TIPO_MOSSA,DADO1,DADO2,TIPO_PAGAMENTO,PAGAMENTO_DATO,PAGAMENTO_RICEVUTO,ID_PARTITA,ID_GIOCATORE,CASELLA_PARTENZA,CASELLA_ARRIVO,ID_POSSEDIMENTO,ID_CARTA) values ('424','12','3','MOVIMENTO','4','2',null,null,null,'6','6','20','26',null,null);
Insert into DB_MONO.MOSSA (ID_MOSSA,TURNO,ORDINE,TIPO_MOSSA,DADO1,DADO2,TIPO_PAGAMENTO,PAGAMENTO_DATO,PAGAMENTO_RICEVUTO,ID_PARTITA,ID_GIOCATORE,CASELLA_PARTENZA,CASELLA_ARRIVO,ID_POSSEDIMENTO,ID_CARTA) values ('425','13','1','MOVIMENTO','3','1',null,null,null,'6','9','31','35',null,null);
Insert into DB_MONO.MOSSA (ID_MOSSA,TURNO,ORDINE,TIPO_MOSSA,DADO1,DADO2,TIPO_PAGAMENTO,PAGAMENTO_DATO,PAGAMENTO_RICEVUTO,ID_PARTITA,ID_GIOCATORE,CASELLA_PARTENZA,CASELLA_ARRIVO,ID_POSSEDIMENTO,ID_CARTA) values ('426','13','2','PAGAMENTO',null,null,'VERSO BANCA','200','0','6','9',null,null,'61',null);
Insert into DB_MONO.MOSSA (ID_MOSSA,TURNO,ORDINE,TIPO_MOSSA,DADO1,DADO2,TIPO_PAGAMENTO,PAGAMENTO_DATO,PAGAMENTO_RICEVUTO,ID_PARTITA,ID_GIOCATORE,CASELLA_PARTENZA,CASELLA_ARRIVO,ID_POSSEDIMENTO,ID_CARTA) values ('427','13','3','MOVIMENTO','4','5',null,null,null,'6','6','26','35',null,null);
Insert into DB_MONO.MOSSA (ID_MOSSA,TURNO,ORDINE,TIPO_MOSSA,DADO1,DADO2,TIPO_PAGAMENTO,PAGAMENTO_DATO,PAGAMENTO_RICEVUTO,ID_PARTITA,ID_GIOCATORE,CASELLA_PARTENZA,CASELLA_ARRIVO,ID_POSSEDIMENTO,ID_CARTA) values ('428','13','4','PAGAMENTO',null,null,'VERSO GIOCATORE','100','0','6','6',null,null,null,null);
Insert into DB_MONO.MOSSA (ID_MOSSA,TURNO,ORDINE,TIPO_MOSSA,DADO1,DADO2,TIPO_PAGAMENTO,PAGAMENTO_DATO,PAGAMENTO_RICEVUTO,ID_PARTITA,ID_GIOCATORE,CASELLA_PARTENZA,CASELLA_ARRIVO,ID_POSSEDIMENTO,ID_CARTA) values ('472','1','4','MOVIMENTO','1','5',null,null,null,'7','21','40','6',null,null);
Insert into DB_MONO.MOSSA (ID_MOSSA,TURNO,ORDINE,TIPO_MOSSA,DADO1,DADO2,TIPO_PAGAMENTO,PAGAMENTO_DATO,PAGAMENTO_RICEVUTO,ID_PARTITA,ID_GIOCATORE,CASELLA_PARTENZA,CASELLA_ARRIVO,ID_POSSEDIMENTO,ID_CARTA) values ('478','1','1','MOVIMENTO','5','2',null,null,null,'9','27','40','7',null,'13');
Insert into DB_MONO.MOSSA (ID_MOSSA,TURNO,ORDINE,TIPO_MOSSA,DADO1,DADO2,TIPO_PAGAMENTO,PAGAMENTO_DATO,PAGAMENTO_RICEVUTO,ID_PARTITA,ID_GIOCATORE,CASELLA_PARTENZA,CASELLA_ARRIVO,ID_POSSEDIMENTO,ID_CARTA) values ('492','3','2','PAGAMENTO',null,null,'GENERICO','0','25','9','27',null,null,null,null);
Insert into DB_MONO.MOSSA (ID_MOSSA,TURNO,ORDINE,TIPO_MOSSA,DADO1,DADO2,TIPO_PAGAMENTO,PAGAMENTO_DATO,PAGAMENTO_RICEVUTO,ID_PARTITA,ID_GIOCATORE,CASELLA_PARTENZA,CASELLA_ARRIVO,ID_POSSEDIMENTO,ID_CARTA) values ('493','3','3','MOVIMENTO','4','2',null,null,null,'9','28','17','23',null,null);
Insert into DB_MONO.MOSSA (ID_MOSSA,TURNO,ORDINE,TIPO_MOSSA,DADO1,DADO2,TIPO_PAGAMENTO,PAGAMENTO_DATO,PAGAMENTO_RICEVUTO,ID_PARTITA,ID_GIOCATORE,CASELLA_PARTENZA,CASELLA_ARRIVO,ID_POSSEDIMENTO,ID_CARTA) values ('494','3','4','PAGAMENTO',null,null,'VERSO BANCA','220','0','9','28',null,null,'69',null);
Insert into DB_MONO.MOSSA (ID_MOSSA,TURNO,ORDINE,TIPO_MOSSA,DADO1,DADO2,TIPO_PAGAMENTO,PAGAMENTO_DATO,PAGAMENTO_RICEVUTO,ID_PARTITA,ID_GIOCATORE,CASELLA_PARTENZA,CASELLA_ARRIVO,ID_POSSEDIMENTO,ID_CARTA) values ('517','8','1','MOVIMENTO','3','3',null,null,null,'9','27','2','8',null,null);
Insert into DB_MONO.MOSSA (ID_MOSSA,TURNO,ORDINE,TIPO_MOSSA,DADO1,DADO2,TIPO_PAGAMENTO,PAGAMENTO_DATO,PAGAMENTO_RICEVUTO,ID_PARTITA,ID_GIOCATORE,CASELLA_PARTENZA,CASELLA_ARRIVO,ID_POSSEDIMENTO,ID_CARTA) values ('518','8','2','MOVIMENTO','3','5',null,null,null,'9','28','7','15',null,null);
Insert into DB_MONO.MOSSA (ID_MOSSA,TURNO,ORDINE,TIPO_MOSSA,DADO1,DADO2,TIPO_PAGAMENTO,PAGAMENTO_DATO,PAGAMENTO_RICEVUTO,ID_PARTITA,ID_GIOCATORE,CASELLA_PARTENZA,CASELLA_ARRIVO,ID_POSSEDIMENTO,ID_CARTA) values ('519','8','3','MOVIMENTO','4','1',null,null,null,'9','29','5','10',null,null);
Insert into DB_MONO.MOSSA (ID_MOSSA,TURNO,ORDINE,TIPO_MOSSA,DADO1,DADO2,TIPO_PAGAMENTO,PAGAMENTO_DATO,PAGAMENTO_RICEVUTO,ID_PARTITA,ID_GIOCATORE,CASELLA_PARTENZA,CASELLA_ARRIVO,ID_POSSEDIMENTO,ID_CARTA) values ('520','9','1','MOVIMENTO','4','1',null,null,null,'9','27','8','13',null,null);
Insert into DB_MONO.MOSSA (ID_MOSSA,TURNO,ORDINE,TIPO_MOSSA,DADO1,DADO2,TIPO_PAGAMENTO,PAGAMENTO_DATO,PAGAMENTO_RICEVUTO,ID_PARTITA,ID_GIOCATORE,CASELLA_PARTENZA,CASELLA_ARRIVO,ID_POSSEDIMENTO,ID_CARTA) values ('1','1','1','MOVIMENTO','1','5',null,null,null,'1','1','40','6',null,'17');
Insert into DB_MONO.MOSSA (ID_MOSSA,TURNO,ORDINE,TIPO_MOSSA,DADO1,DADO2,TIPO_PAGAMENTO,PAGAMENTO_DATO,PAGAMENTO_RICEVUTO,ID_PARTITA,ID_GIOCATORE,CASELLA_PARTENZA,CASELLA_ARRIVO,ID_POSSEDIMENTO,ID_CARTA) values ('2','1','2','PAGAMENTO',null,null,'VERSO BANCA','100','0','1','1',null,null,'1',null);
Insert into DB_MONO.MOSSA (ID_MOSSA,TURNO,ORDINE,TIPO_MOSSA,DADO1,DADO2,TIPO_PAGAMENTO,PAGAMENTO_DATO,PAGAMENTO_RICEVUTO,ID_PARTITA,ID_GIOCATORE,CASELLA_PARTENZA,CASELLA_ARRIVO,ID_POSSEDIMENTO,ID_CARTA) values ('3','1','3','MOVIMENTO','1','4',null,null,null,'1','2','40','5',null,null);
Insert into DB_MONO.MOSSA (ID_MOSSA,TURNO,ORDINE,TIPO_MOSSA,DADO1,DADO2,TIPO_PAGAMENTO,PAGAMENTO_DATO,PAGAMENTO_RICEVUTO,ID_PARTITA,ID_GIOCATORE,CASELLA_PARTENZA,CASELLA_ARRIVO,ID_POSSEDIMENTO,ID_CARTA) values ('4','1','4','PAGAMENTO',null,null,'VERSO BANCA','200','0','1','2',null,null,'2',null);
Insert into DB_MONO.MOSSA (ID_MOSSA,TURNO,ORDINE,TIPO_MOSSA,DADO1,DADO2,TIPO_PAGAMENTO,PAGAMENTO_DATO,PAGAMENTO_RICEVUTO,ID_PARTITA,ID_GIOCATORE,CASELLA_PARTENZA,CASELLA_ARRIVO,ID_POSSEDIMENTO,ID_CARTA) values ('5','1','5','MOVIMENTO','5','4',null,null,null,'1','3','40','9',null,null);
Insert into DB_MONO.MOSSA (ID_MOSSA,TURNO,ORDINE,TIPO_MOSSA,DADO1,DADO2,TIPO_PAGAMENTO,PAGAMENTO_DATO,PAGAMENTO_RICEVUTO,ID_PARTITA,ID_GIOCATORE,CASELLA_PARTENZA,CASELLA_ARRIVO,ID_POSSEDIMENTO,ID_CARTA) values ('6','1','6','PAGAMENTO',null,null,'VERSO BANCA','120','0','1','3',null,null,'3',null);
Insert into DB_MONO.MOSSA (ID_MOSSA,TURNO,ORDINE,TIPO_MOSSA,DADO1,DADO2,TIPO_PAGAMENTO,PAGAMENTO_DATO,PAGAMENTO_RICEVUTO,ID_PARTITA,ID_GIOCATORE,CASELLA_PARTENZA,CASELLA_ARRIVO,ID_POSSEDIMENTO,ID_CARTA) values ('7','2','1','MOVIMENTO','3','2',null,null,null,'1','1','6','11',null,null);
Insert into DB_MONO.MOSSA (ID_MOSSA,TURNO,ORDINE,TIPO_MOSSA,DADO1,DADO2,TIPO_PAGAMENTO,PAGAMENTO_DATO,PAGAMENTO_RICEVUTO,ID_PARTITA,ID_GIOCATORE,CASELLA_PARTENZA,CASELLA_ARRIVO,ID_POSSEDIMENTO,ID_CARTA) values ('8','2','2','PAGAMENTO',null,null,'VERSO BANCA','140','0','1','1',null,null,'4',null);
Insert into DB_MONO.MOSSA (ID_MOSSA,TURNO,ORDINE,TIPO_MOSSA,DADO1,DADO2,TIPO_PAGAMENTO,PAGAMENTO_DATO,PAGAMENTO_RICEVUTO,ID_PARTITA,ID_GIOCATORE,CASELLA_PARTENZA,CASELLA_ARRIVO,ID_POSSEDIMENTO,ID_CARTA) values ('9','2','3','MOVIMENTO','5','1',null,null,null,'1','2','5','11',null,null);
Insert into DB_MONO.MOSSA (ID_MOSSA,TURNO,ORDINE,TIPO_MOSSA,DADO1,DADO2,TIPO_PAGAMENTO,PAGAMENTO_DATO,PAGAMENTO_RICEVUTO,ID_PARTITA,ID_GIOCATORE,CASELLA_PARTENZA,CASELLA_ARRIVO,ID_POSSEDIMENTO,ID_CARTA) values ('10','2','4','PAGAMENTO',null,null,'VERSO GIOCATORE','10','0','1','2',null,null,null,null);
Insert into DB_MONO.MOSSA (ID_MOSSA,TURNO,ORDINE,TIPO_MOSSA,DADO1,DADO2,TIPO_PAGAMENTO,PAGAMENTO_DATO,PAGAMENTO_RICEVUTO,ID_PARTITA,ID_GIOCATORE,CASELLA_PARTENZA,CASELLA_ARRIVO,ID_POSSEDIMENTO,ID_CARTA) values ('11','2','5','MOVIMENTO','2','3',null,null,null,'1','3','9','14',null,null);
Insert into DB_MONO.MOSSA (ID_MOSSA,TURNO,ORDINE,TIPO_MOSSA,DADO1,DADO2,TIPO_PAGAMENTO,PAGAMENTO_DATO,PAGAMENTO_RICEVUTO,ID_PARTITA,ID_GIOCATORE,CASELLA_PARTENZA,CASELLA_ARRIVO,ID_POSSEDIMENTO,ID_CARTA) values ('12','2','6','PAGAMENTO',null,null,'VERSO BANCA','160','0','1','3',null,null,'5',null);
Insert into DB_MONO.MOSSA (ID_MOSSA,TURNO,ORDINE,TIPO_MOSSA,DADO1,DADO2,TIPO_PAGAMENTO,PAGAMENTO_DATO,PAGAMENTO_RICEVUTO,ID_PARTITA,ID_GIOCATORE,CASELLA_PARTENZA,CASELLA_ARRIVO,ID_POSSEDIMENTO,ID_CARTA) values ('13','3','1','MOVIMENTO','2','2',null,null,null,'1','1','11','15',null,null);
Insert into DB_MONO.MOSSA (ID_MOSSA,TURNO,ORDINE,TIPO_MOSSA,DADO1,DADO2,TIPO_PAGAMENTO,PAGAMENTO_DATO,PAGAMENTO_RICEVUTO,ID_PARTITA,ID_GIOCATORE,CASELLA_PARTENZA,CASELLA_ARRIVO,ID_POSSEDIMENTO,ID_CARTA) values ('14','3','2','PAGAMENTO',null,null,'VERSO BANCA','200','0','1','1',null,null,'6',null);
Insert into DB_MONO.MOSSA (ID_MOSSA,TURNO,ORDINE,TIPO_MOSSA,DADO1,DADO2,TIPO_PAGAMENTO,PAGAMENTO_DATO,PAGAMENTO_RICEVUTO,ID_PARTITA,ID_GIOCATORE,CASELLA_PARTENZA,CASELLA_ARRIVO,ID_POSSEDIMENTO,ID_CARTA) values ('15','3','3','MOVIMENTO','2','4',null,null,null,'1','2','11','17',null,'2');
Insert into DB_MONO.MOSSA (ID_MOSSA,TURNO,ORDINE,TIPO_MOSSA,DADO1,DADO2,TIPO_PAGAMENTO,PAGAMENTO_DATO,PAGAMENTO_RICEVUTO,ID_PARTITA,ID_GIOCATORE,CASELLA_PARTENZA,CASELLA_ARRIVO,ID_POSSEDIMENTO,ID_CARTA) values ('16','3','4','PAGAMENTO',null,null,'GENERICO','0','100','1','2',null,null,null,null);
Insert into DB_MONO.MOSSA (ID_MOSSA,TURNO,ORDINE,TIPO_MOSSA,DADO1,DADO2,TIPO_PAGAMENTO,PAGAMENTO_DATO,PAGAMENTO_RICEVUTO,ID_PARTITA,ID_GIOCATORE,CASELLA_PARTENZA,CASELLA_ARRIVO,ID_POSSEDIMENTO,ID_CARTA) values ('17','3','5','MOVIMENTO','2','4',null,null,null,'1','3','14','20',null,null);
Insert into DB_MONO.MOSSA (ID_MOSSA,TURNO,ORDINE,TIPO_MOSSA,DADO1,DADO2,TIPO_PAGAMENTO,PAGAMENTO_DATO,PAGAMENTO_RICEVUTO,ID_PARTITA,ID_GIOCATORE,CASELLA_PARTENZA,CASELLA_ARRIVO,ID_POSSEDIMENTO,ID_CARTA) values ('18','4','1','MOVIMENTO','3','4',null,null,null,'1','1','15','22',null,'13');
Insert into DB_MONO.MOSSA (ID_MOSSA,TURNO,ORDINE,TIPO_MOSSA,DADO1,DADO2,TIPO_PAGAMENTO,PAGAMENTO_DATO,PAGAMENTO_RICEVUTO,ID_PARTITA,ID_GIOCATORE,CASELLA_PARTENZA,CASELLA_ARRIVO,ID_POSSEDIMENTO,ID_CARTA) values ('19','4','2','PAGAMENTO',null,null,'VERSO GIOCATORE','50','0','1','1',null,null,null,null);
Insert into DB_MONO.MOSSA (ID_MOSSA,TURNO,ORDINE,TIPO_MOSSA,DADO1,DADO2,TIPO_PAGAMENTO,PAGAMENTO_DATO,PAGAMENTO_RICEVUTO,ID_PARTITA,ID_GIOCATORE,CASELLA_PARTENZA,CASELLA_ARRIVO,ID_POSSEDIMENTO,ID_CARTA) values ('20','4','3','PAGAMENTO',null,null,'VERSO GIOCATORE','50','0','1','1',null,null,null,null);
Insert into DB_MONO.MOSSA (ID_MOSSA,TURNO,ORDINE,TIPO_MOSSA,DADO1,DADO2,TIPO_PAGAMENTO,PAGAMENTO_DATO,PAGAMENTO_RICEVUTO,ID_PARTITA,ID_GIOCATORE,CASELLA_PARTENZA,CASELLA_ARRIVO,ID_POSSEDIMENTO,ID_CARTA) values ('21','4','4','MOVIMENTO','3','2',null,null,null,'1','2','17','22',null,'16');
Insert into DB_MONO.MOSSA (ID_MOSSA,TURNO,ORDINE,TIPO_MOSSA,DADO1,DADO2,TIPO_PAGAMENTO,PAGAMENTO_DATO,PAGAMENTO_RICEVUTO,ID_PARTITA,ID_GIOCATORE,CASELLA_PARTENZA,CASELLA_ARRIVO,ID_POSSEDIMENTO,ID_CARTA) values ('22','4','5','PAGAMENTO',null,null,'GENERICO','15','0','1','2',null,null,null,null);
Insert into DB_MONO.MOSSA (ID_MOSSA,TURNO,ORDINE,TIPO_MOSSA,DADO1,DADO2,TIPO_PAGAMENTO,PAGAMENTO_DATO,PAGAMENTO_RICEVUTO,ID_PARTITA,ID_GIOCATORE,CASELLA_PARTENZA,CASELLA_ARRIVO,ID_POSSEDIMENTO,ID_CARTA) values ('23','4','6','MOVIMENTO','2','1',null,null,null,'1','3','20','23',null,null);
Insert into DB_MONO.MOSSA (ID_MOSSA,TURNO,ORDINE,TIPO_MOSSA,DADO1,DADO2,TIPO_PAGAMENTO,PAGAMENTO_DATO,PAGAMENTO_RICEVUTO,ID_PARTITA,ID_GIOCATORE,CASELLA_PARTENZA,CASELLA_ARRIVO,ID_POSSEDIMENTO,ID_CARTA) values ('104','18','3','MOVIMENTO','5','5',null,null,null,'1','3','20','30',null,null);
Insert into DB_MONO.MOSSA (ID_MOSSA,TURNO,ORDINE,TIPO_MOSSA,DADO1,DADO2,TIPO_PAGAMENTO,PAGAMENTO_DATO,PAGAMENTO_RICEVUTO,ID_PARTITA,ID_GIOCATORE,CASELLA_PARTENZA,CASELLA_ARRIVO,ID_POSSEDIMENTO,ID_CARTA) values ('25','5','1','MOVIMENTO','1','5',null,null,null,'1','1','22','28',null,null);
Insert into DB_MONO.MOSSA (ID_MOSSA,TURNO,ORDINE,TIPO_MOSSA,DADO1,DADO2,TIPO_PAGAMENTO,PAGAMENTO_DATO,PAGAMENTO_RICEVUTO,ID_PARTITA,ID_GIOCATORE,CASELLA_PARTENZA,CASELLA_ARRIVO,ID_POSSEDIMENTO,ID_CARTA) values ('26','5','2','PAGAMENTO',null,null,'VERSO BANCA','150','0','1','1',null,null,'8',null);
Insert into DB_MONO.MOSSA (ID_MOSSA,TURNO,ORDINE,TIPO_MOSSA,DADO1,DADO2,TIPO_PAGAMENTO,PAGAMENTO_DATO,PAGAMENTO_RICEVUTO,ID_PARTITA,ID_GIOCATORE,CASELLA_PARTENZA,CASELLA_ARRIVO,ID_POSSEDIMENTO,ID_CARTA) values ('27','5','3','MOVIMENTO','1','1',null,null,null,'1','2','22','24',null,null);
Insert into DB_MONO.MOSSA (ID_MOSSA,TURNO,ORDINE,TIPO_MOSSA,DADO1,DADO2,TIPO_PAGAMENTO,PAGAMENTO_DATO,PAGAMENTO_RICEVUTO,ID_PARTITA,ID_GIOCATORE,CASELLA_PARTENZA,CASELLA_ARRIVO,ID_POSSEDIMENTO,ID_CARTA) values ('28','5','4','PAGAMENTO',null,null,'VERSO BANCA','240','0','1','2',null,null,'9',null);
Insert into DB_MONO.MOSSA (ID_MOSSA,TURNO,ORDINE,TIPO_MOSSA,DADO1,DADO2,TIPO_PAGAMENTO,PAGAMENTO_DATO,PAGAMENTO_RICEVUTO,ID_PARTITA,ID_GIOCATORE,CASELLA_PARTENZA,CASELLA_ARRIVO,ID_POSSEDIMENTO,ID_CARTA) values ('29','5','5','MOVIMENTO','1','4',null,null,null,'1','3','23','28',null,null);
Insert into DB_MONO.MOSSA (ID_MOSSA,TURNO,ORDINE,TIPO_MOSSA,DADO1,DADO2,TIPO_PAGAMENTO,PAGAMENTO_DATO,PAGAMENTO_RICEVUTO,ID_PARTITA,ID_GIOCATORE,CASELLA_PARTENZA,CASELLA_ARRIVO,ID_POSSEDIMENTO,ID_CARTA) values ('30','5','6','PAGAMENTO',null,null,'VERSO GIOCATORE','20','0','1','3',null,null,null,null);
Insert into DB_MONO.MOSSA (ID_MOSSA,TURNO,ORDINE,TIPO_MOSSA,DADO1,DADO2,TIPO_PAGAMENTO,PAGAMENTO_DATO,PAGAMENTO_RICEVUTO,ID_PARTITA,ID_GIOCATORE,CASELLA_PARTENZA,CASELLA_ARRIVO,ID_POSSEDIMENTO,ID_CARTA) values ('31','6','1','MOVIMENTO','4','4',null,null,null,'1','1','28','36',null,'12');
Insert into DB_MONO.MOSSA (ID_MOSSA,TURNO,ORDINE,TIPO_MOSSA,DADO1,DADO2,TIPO_PAGAMENTO,PAGAMENTO_DATO,PAGAMENTO_RICEVUTO,ID_PARTITA,ID_GIOCATORE,CASELLA_PARTENZA,CASELLA_ARRIVO,ID_POSSEDIMENTO,ID_CARTA) values ('32','6','2','PAGAMENTO',null,null,'GENERICO','0','150','1','1',null,null,null,null);
Insert into DB_MONO.MOSSA (ID_MOSSA,TURNO,ORDINE,TIPO_MOSSA,DADO1,DADO2,TIPO_PAGAMENTO,PAGAMENTO_DATO,PAGAMENTO_RICEVUTO,ID_PARTITA,ID_GIOCATORE,CASELLA_PARTENZA,CASELLA_ARRIVO,ID_POSSEDIMENTO,ID_CARTA) values ('33','6','3','MOVIMENTO','2','4',null,null,null,'1','2','24','30',null,null);
Insert into DB_MONO.MOSSA (ID_MOSSA,TURNO,ORDINE,TIPO_MOSSA,DADO1,DADO2,TIPO_PAGAMENTO,PAGAMENTO_DATO,PAGAMENTO_RICEVUTO,ID_PARTITA,ID_GIOCATORE,CASELLA_PARTENZA,CASELLA_ARRIVO,ID_POSSEDIMENTO,ID_CARTA) values ('34','6','4','MOVIMENTO','2','3',null,null,null,'1','3','28','33',null,'8');
Insert into DB_MONO.MOSSA (ID_MOSSA,TURNO,ORDINE,TIPO_MOSSA,DADO1,DADO2,TIPO_PAGAMENTO,PAGAMENTO_DATO,PAGAMENTO_RICEVUTO,ID_PARTITA,ID_GIOCATORE,CASELLA_PARTENZA,CASELLA_ARRIVO,ID_POSSEDIMENTO,ID_CARTA) values ('35','6','5','PAGAMENTO',null,null,'GENERICO','60','0','1','3',null,null,null,null);
Insert into DB_MONO.MOSSA (ID_MOSSA,TURNO,ORDINE,TIPO_MOSSA,DADO1,DADO2,TIPO_PAGAMENTO,PAGAMENTO_DATO,PAGAMENTO_RICEVUTO,ID_PARTITA,ID_GIOCATORE,CASELLA_PARTENZA,CASELLA_ARRIVO,ID_POSSEDIMENTO,ID_CARTA) values ('36','7','1','MOVIMENTO','5','5',null,null,null,'1','1','36','6',null,null);
Insert into DB_MONO.MOSSA (ID_MOSSA,TURNO,ORDINE,TIPO_MOSSA,DADO1,DADO2,TIPO_PAGAMENTO,PAGAMENTO_DATO,PAGAMENTO_RICEVUTO,ID_PARTITA,ID_GIOCATORE,CASELLA_PARTENZA,CASELLA_ARRIVO,ID_POSSEDIMENTO,ID_CARTA) values ('37','7','2','PAGAMENTO',null,null,'VERSO BANCA','0','200','1','1',null,null,null,null);
Insert into DB_MONO.MOSSA (ID_MOSSA,TURNO,ORDINE,TIPO_MOSSA,DADO1,DADO2,TIPO_PAGAMENTO,PAGAMENTO_DATO,PAGAMENTO_RICEVUTO,ID_PARTITA,ID_GIOCATORE,CASELLA_PARTENZA,CASELLA_ARRIVO,ID_POSSEDIMENTO,ID_CARTA) values ('38','7','3','MOVIMENTO','1','1',null,null,null,'1','2','30','32',null,null);
Insert into DB_MONO.MOSSA (ID_MOSSA,TURNO,ORDINE,TIPO_MOSSA,DADO1,DADO2,TIPO_PAGAMENTO,PAGAMENTO_DATO,PAGAMENTO_RICEVUTO,ID_PARTITA,ID_GIOCATORE,CASELLA_PARTENZA,CASELLA_ARRIVO,ID_POSSEDIMENTO,ID_CARTA) values ('39','7','4','PAGAMENTO',null,null,'VERSO BANCA','300','0','1','2',null,null,'10',null);
Insert into DB_MONO.MOSSA (ID_MOSSA,TURNO,ORDINE,TIPO_MOSSA,DADO1,DADO2,TIPO_PAGAMENTO,PAGAMENTO_DATO,PAGAMENTO_RICEVUTO,ID_PARTITA,ID_GIOCATORE,CASELLA_PARTENZA,CASELLA_ARRIVO,ID_POSSEDIMENTO,ID_CARTA) values ('40','7','5','MOVIMENTO','1','5',null,null,null,'1','3','33','39',null,null);
Insert into DB_MONO.MOSSA (ID_MOSSA,TURNO,ORDINE,TIPO_MOSSA,DADO1,DADO2,TIPO_PAGAMENTO,PAGAMENTO_DATO,PAGAMENTO_RICEVUTO,ID_PARTITA,ID_GIOCATORE,CASELLA_PARTENZA,CASELLA_ARRIVO,ID_POSSEDIMENTO,ID_CARTA) values ('41','7','6','PAGAMENTO',null,null,'VERSO BANCA','400','0','1','3',null,null,'11',null);
Insert into DB_MONO.MOSSA (ID_MOSSA,TURNO,ORDINE,TIPO_MOSSA,DADO1,DADO2,TIPO_PAGAMENTO,PAGAMENTO_DATO,PAGAMENTO_RICEVUTO,ID_PARTITA,ID_GIOCATORE,CASELLA_PARTENZA,CASELLA_ARRIVO,ID_POSSEDIMENTO,ID_CARTA) values ('42','8','1','MOVIMENTO','1','4',null,null,null,'1','1','6','11',null,null);
Insert into DB_MONO.MOSSA (ID_MOSSA,TURNO,ORDINE,TIPO_MOSSA,DADO1,DADO2,TIPO_PAGAMENTO,PAGAMENTO_DATO,PAGAMENTO_RICEVUTO,ID_PARTITA,ID_GIOCATORE,CASELLA_PARTENZA,CASELLA_ARRIVO,ID_POSSEDIMENTO,ID_CARTA) values ('43','8','2','MOVIMENTO','1','1',null,null,null,'1','2','32','34',null,null);
Insert into DB_MONO.MOSSA (ID_MOSSA,TURNO,ORDINE,TIPO_MOSSA,DADO1,DADO2,TIPO_PAGAMENTO,PAGAMENTO_DATO,PAGAMENTO_RICEVUTO,ID_PARTITA,ID_GIOCATORE,CASELLA_PARTENZA,CASELLA_ARRIVO,ID_POSSEDIMENTO,ID_CARTA) values ('44','8','3','PAGAMENTO',null,null,'VERSO BANCA','320','0','1','2',null,null,'12',null);
Insert into DB_MONO.MOSSA (ID_MOSSA,TURNO,ORDINE,TIPO_MOSSA,DADO1,DADO2,TIPO_PAGAMENTO,PAGAMENTO_DATO,PAGAMENTO_RICEVUTO,ID_PARTITA,ID_GIOCATORE,CASELLA_PARTENZA,CASELLA_ARRIVO,ID_POSSEDIMENTO,ID_CARTA) values ('45','8','4','MOVIMENTO','5','3',null,null,null,'1','2','2','10',null,'7');
Insert into DB_MONO.MOSSA (ID_MOSSA,TURNO,ORDINE,TIPO_MOSSA,DADO1,DADO2,TIPO_PAGAMENTO,PAGAMENTO_DATO,PAGAMENTO_RICEVUTO,ID_PARTITA,ID_GIOCATORE,CASELLA_PARTENZA,CASELLA_ARRIVO,ID_POSSEDIMENTO,ID_CARTA) values ('46','8','5','PAGAMENTO',null,null,'VERSO BANCA','0','200','1','2',null,null,null,null);
Insert into DB_MONO.MOSSA (ID_MOSSA,TURNO,ORDINE,TIPO_MOSSA,DADO1,DADO2,TIPO_PAGAMENTO,PAGAMENTO_DATO,PAGAMENTO_RICEVUTO,ID_PARTITA,ID_GIOCATORE,CASELLA_PARTENZA,CASELLA_ARRIVO,ID_POSSEDIMENTO,ID_CARTA) values ('47','8','6','MOVIMENTO','5','1',null,null,null,'1','3','39','5',null,'1');
Insert into DB_MONO.MOSSA (ID_MOSSA,TURNO,ORDINE,TIPO_MOSSA,DADO1,DADO2,TIPO_PAGAMENTO,PAGAMENTO_DATO,PAGAMENTO_RICEVUTO,ID_PARTITA,ID_GIOCATORE,CASELLA_PARTENZA,CASELLA_ARRIVO,ID_POSSEDIMENTO,ID_CARTA) values ('48','8','7','PAGAMENTO',null,null,'VERSO BANCA','0','200','1','3',null,null,null,null);
Insert into DB_MONO.MOSSA (ID_MOSSA,TURNO,ORDINE,TIPO_MOSSA,DADO1,DADO2,TIPO_PAGAMENTO,PAGAMENTO_DATO,PAGAMENTO_RICEVUTO,ID_PARTITA,ID_GIOCATORE,CASELLA_PARTENZA,CASELLA_ARRIVO,ID_POSSEDIMENTO,ID_CARTA) values ('49','8','8','PAGAMENTO',null,null,'VERSO GIOCATORE','25','0','1','3',null,null,null,null);
Insert into DB_MONO.MOSSA (ID_MOSSA,TURNO,ORDINE,TIPO_MOSSA,DADO1,DADO2,TIPO_PAGAMENTO,PAGAMENTO_DATO,PAGAMENTO_RICEVUTO,ID_PARTITA,ID_GIOCATORE,CASELLA_PARTENZA,CASELLA_ARRIVO,ID_POSSEDIMENTO,ID_CARTA) values ('50','9','1','MOVIMENTO','1','2',null,null,null,'1','1','11','14',null,null);
Insert into DB_MONO.MOSSA (ID_MOSSA,TURNO,ORDINE,TIPO_MOSSA,DADO1,DADO2,TIPO_PAGAMENTO,PAGAMENTO_DATO,PAGAMENTO_RICEVUTO,ID_PARTITA,ID_GIOCATORE,CASELLA_PARTENZA,CASELLA_ARRIVO,ID_POSSEDIMENTO,ID_CARTA) values ('51','9','2','PAGAMENTO',null,null,'VERSO GIOCATORE','12','0','1','1',null,null,null,null);
Insert into DB_MONO.MOSSA (ID_MOSSA,TURNO,ORDINE,TIPO_MOSSA,DADO1,DADO2,TIPO_PAGAMENTO,PAGAMENTO_DATO,PAGAMENTO_RICEVUTO,ID_PARTITA,ID_GIOCATORE,CASELLA_PARTENZA,CASELLA_ARRIVO,ID_POSSEDIMENTO,ID_CARTA) values ('52','9','3','MOVIMENTO','4','3',null,null,null,'1','2','10','17',null,'2');
Insert into DB_MONO.MOSSA (ID_MOSSA,TURNO,ORDINE,TIPO_MOSSA,DADO1,DADO2,TIPO_PAGAMENTO,PAGAMENTO_DATO,PAGAMENTO_RICEVUTO,ID_PARTITA,ID_GIOCATORE,CASELLA_PARTENZA,CASELLA_ARRIVO,ID_POSSEDIMENTO,ID_CARTA) values ('53','9','4','PAGAMENTO',null,null,'GENERICO','0','100','1','2',null,null,null,null);
Insert into DB_MONO.MOSSA (ID_MOSSA,TURNO,ORDINE,TIPO_MOSSA,DADO1,DADO2,TIPO_PAGAMENTO,PAGAMENTO_DATO,PAGAMENTO_RICEVUTO,ID_PARTITA,ID_GIOCATORE,CASELLA_PARTENZA,CASELLA_ARRIVO,ID_POSSEDIMENTO,ID_CARTA) values ('54','9','5','MOVIMENTO','3','3',null,null,null,'1','3','5','11',null,null);
Insert into DB_MONO.MOSSA (ID_MOSSA,TURNO,ORDINE,TIPO_MOSSA,DADO1,DADO2,TIPO_PAGAMENTO,PAGAMENTO_DATO,PAGAMENTO_RICEVUTO,ID_PARTITA,ID_GIOCATORE,CASELLA_PARTENZA,CASELLA_ARRIVO,ID_POSSEDIMENTO,ID_CARTA) values ('55','9','6','PAGAMENTO',null,null,'VERSO GIOCATORE','10','0','1','3',null,null,null,null);
Insert into DB_MONO.MOSSA (ID_MOSSA,TURNO,ORDINE,TIPO_MOSSA,DADO1,DADO2,TIPO_PAGAMENTO,PAGAMENTO_DATO,PAGAMENTO_RICEVUTO,ID_PARTITA,ID_GIOCATORE,CASELLA_PARTENZA,CASELLA_ARRIVO,ID_POSSEDIMENTO,ID_CARTA) values ('56','10','1','MOVIMENTO','1','1',null,null,null,'1','1','14','16',null,'12');
Insert into DB_MONO.MOSSA (ID_MOSSA,TURNO,ORDINE,TIPO_MOSSA,DADO1,DADO2,TIPO_PAGAMENTO,PAGAMENTO_DATO,PAGAMENTO_RICEVUTO,ID_PARTITA,ID_GIOCATORE,CASELLA_PARTENZA,CASELLA_ARRIVO,ID_POSSEDIMENTO,ID_CARTA) values ('57','10','2','PAGAMENTO',null,null,'VERSO BANCA','180','0','1','1',null,null,'13',null);
Insert into DB_MONO.MOSSA (ID_MOSSA,TURNO,ORDINE,TIPO_MOSSA,DADO1,DADO2,TIPO_PAGAMENTO,PAGAMENTO_DATO,PAGAMENTO_RICEVUTO,ID_PARTITA,ID_GIOCATORE,CASELLA_PARTENZA,CASELLA_ARRIVO,ID_POSSEDIMENTO,ID_CARTA) values ('58','10','3','MOVIMENTO','4','4',null,null,null,'1','1','24','32',null,null);
Insert into DB_MONO.MOSSA (ID_MOSSA,TURNO,ORDINE,TIPO_MOSSA,DADO1,DADO2,TIPO_PAGAMENTO,PAGAMENTO_DATO,PAGAMENTO_RICEVUTO,ID_PARTITA,ID_GIOCATORE,CASELLA_PARTENZA,CASELLA_ARRIVO,ID_POSSEDIMENTO,ID_CARTA) values ('59','10','4','PAGAMENTO',null,null,'VERSO GIOCATORE','26','0','1','1',null,null,null,null);
Insert into DB_MONO.MOSSA (ID_MOSSA,TURNO,ORDINE,TIPO_MOSSA,DADO1,DADO2,TIPO_PAGAMENTO,PAGAMENTO_DATO,PAGAMENTO_RICEVUTO,ID_PARTITA,ID_GIOCATORE,CASELLA_PARTENZA,CASELLA_ARRIVO,ID_POSSEDIMENTO,ID_CARTA) values ('60','10','5','MOVIMENTO','2','4',null,null,null,'1','1','38','4',null,null);
Insert into DB_MONO.MOSSA (ID_MOSSA,TURNO,ORDINE,TIPO_MOSSA,DADO1,DADO2,TIPO_PAGAMENTO,PAGAMENTO_DATO,PAGAMENTO_RICEVUTO,ID_PARTITA,ID_GIOCATORE,CASELLA_PARTENZA,CASELLA_ARRIVO,ID_POSSEDIMENTO,ID_CARTA) values ('61','10','6','PAGAMENTO',null,null,'GENERICO','200','0','1','1',null,null,null,null);
Insert into DB_MONO.MOSSA (ID_MOSSA,TURNO,ORDINE,TIPO_MOSSA,DADO1,DADO2,TIPO_PAGAMENTO,PAGAMENTO_DATO,PAGAMENTO_RICEVUTO,ID_PARTITA,ID_GIOCATORE,CASELLA_PARTENZA,CASELLA_ARRIVO,ID_POSSEDIMENTO,ID_CARTA) values ('62','10','7','MOVIMENTO','1','5',null,null,null,'1','2','17','23',null,null);
Insert into DB_MONO.MOSSA (ID_MOSSA,TURNO,ORDINE,TIPO_MOSSA,DADO1,DADO2,TIPO_PAGAMENTO,PAGAMENTO_DATO,PAGAMENTO_RICEVUTO,ID_PARTITA,ID_GIOCATORE,CASELLA_PARTENZA,CASELLA_ARRIVO,ID_POSSEDIMENTO,ID_CARTA) values ('63','10','8','PAGAMENTO',null,null,'VERSO GIOCATORE','18','0','1','2',null,null,null,null);
Insert into DB_MONO.MOSSA (ID_MOSSA,TURNO,ORDINE,TIPO_MOSSA,DADO1,DADO2,TIPO_PAGAMENTO,PAGAMENTO_DATO,PAGAMENTO_RICEVUTO,ID_PARTITA,ID_GIOCATORE,CASELLA_PARTENZA,CASELLA_ARRIVO,ID_POSSEDIMENTO,ID_CARTA) values ('64','10','9','MOVIMENTO','4','4',null,null,null,'1','3','11','19',null,null);
Insert into DB_MONO.MOSSA (ID_MOSSA,TURNO,ORDINE,TIPO_MOSSA,DADO1,DADO2,TIPO_PAGAMENTO,PAGAMENTO_DATO,PAGAMENTO_RICEVUTO,ID_PARTITA,ID_GIOCATORE,CASELLA_PARTENZA,CASELLA_ARRIVO,ID_POSSEDIMENTO,ID_CARTA) values ('65','11','1','MOVIMENTO','5','4',null,null,null,'1','1','4','13',null,null);
Insert into DB_MONO.MOSSA (ID_MOSSA,TURNO,ORDINE,TIPO_MOSSA,DADO1,DADO2,TIPO_PAGAMENTO,PAGAMENTO_DATO,PAGAMENTO_RICEVUTO,ID_PARTITA,ID_GIOCATORE,CASELLA_PARTENZA,CASELLA_ARRIVO,ID_POSSEDIMENTO,ID_CARTA) values ('66','11','2','MOVIMENTO','2','4',null,null,null,'1','2','23','29',null,null);
Insert into DB_MONO.MOSSA (ID_MOSSA,TURNO,ORDINE,TIPO_MOSSA,DADO1,DADO2,TIPO_PAGAMENTO,PAGAMENTO_DATO,PAGAMENTO_RICEVUTO,ID_PARTITA,ID_GIOCATORE,CASELLA_PARTENZA,CASELLA_ARRIVO,ID_POSSEDIMENTO,ID_CARTA) values ('67','11','3','PAGAMENTO',null,null,'VERSO BANCA','280','0','1','2',null,null,'14',null);
Insert into DB_MONO.MOSSA (ID_MOSSA,TURNO,ORDINE,TIPO_MOSSA,DADO1,DADO2,TIPO_PAGAMENTO,PAGAMENTO_DATO,PAGAMENTO_RICEVUTO,ID_PARTITA,ID_GIOCATORE,CASELLA_PARTENZA,CASELLA_ARRIVO,ID_POSSEDIMENTO,ID_CARTA) values ('68','11','4','MOVIMENTO','4','4',null,null,null,'1','3','19','27',null,null);
Insert into DB_MONO.MOSSA (ID_MOSSA,TURNO,ORDINE,TIPO_MOSSA,DADO1,DADO2,TIPO_PAGAMENTO,PAGAMENTO_DATO,PAGAMENTO_RICEVUTO,ID_PARTITA,ID_GIOCATORE,CASELLA_PARTENZA,CASELLA_ARRIVO,ID_POSSEDIMENTO,ID_CARTA) values ('69','12','1','MOVIMENTO','2','4',null,null,null,'1','1','13','19',null,null);
Insert into DB_MONO.MOSSA (ID_MOSSA,TURNO,ORDINE,TIPO_MOSSA,DADO1,DADO2,TIPO_PAGAMENTO,PAGAMENTO_DATO,PAGAMENTO_RICEVUTO,ID_PARTITA,ID_GIOCATORE,CASELLA_PARTENZA,CASELLA_ARRIVO,ID_POSSEDIMENTO,ID_CARTA) values ('70','12','2','PAGAMENTO',null,null,'VERSO BANCA','200','0','1','1',null,null,'15',null);
Insert into DB_MONO.MOSSA (ID_MOSSA,TURNO,ORDINE,TIPO_MOSSA,DADO1,DADO2,TIPO_PAGAMENTO,PAGAMENTO_DATO,PAGAMENTO_RICEVUTO,ID_PARTITA,ID_GIOCATORE,CASELLA_PARTENZA,CASELLA_ARRIVO,ID_POSSEDIMENTO,ID_CARTA) values ('71','12','3','MOVIMENTO','5','4',null,null,null,'1','2','29','38',null,null);
Insert into DB_MONO.MOSSA (ID_MOSSA,TURNO,ORDINE,TIPO_MOSSA,DADO1,DADO2,TIPO_PAGAMENTO,PAGAMENTO_DATO,PAGAMENTO_RICEVUTO,ID_PARTITA,ID_GIOCATORE,CASELLA_PARTENZA,CASELLA_ARRIVO,ID_POSSEDIMENTO,ID_CARTA) values ('72','12','4','PAGAMENTO',null,null,'GENERICO','100','0','1','2',null,null,null,null);
Insert into DB_MONO.MOSSA (ID_MOSSA,TURNO,ORDINE,TIPO_MOSSA,DADO1,DADO2,TIPO_PAGAMENTO,PAGAMENTO_DATO,PAGAMENTO_RICEVUTO,ID_PARTITA,ID_GIOCATORE,CASELLA_PARTENZA,CASELLA_ARRIVO,ID_POSSEDIMENTO,ID_CARTA) values ('73','12','5','MOVIMENTO','4','2',null,null,null,'1','3','27','33',null,'3');
Insert into DB_MONO.MOSSA (ID_MOSSA,TURNO,ORDINE,TIPO_MOSSA,DADO1,DADO2,TIPO_PAGAMENTO,PAGAMENTO_DATO,PAGAMENTO_RICEVUTO,ID_PARTITA,ID_GIOCATORE,CASELLA_PARTENZA,CASELLA_ARRIVO,ID_POSSEDIMENTO,ID_CARTA) values ('74','12','6','PAGAMENTO',null,null,'GENERICO','0','100','1','3',null,null,null,null);
Insert into DB_MONO.MOSSA (ID_MOSSA,TURNO,ORDINE,TIPO_MOSSA,DADO1,DADO2,TIPO_PAGAMENTO,PAGAMENTO_DATO,PAGAMENTO_RICEVUTO,ID_PARTITA,ID_GIOCATORE,CASELLA_PARTENZA,CASELLA_ARRIVO,ID_POSSEDIMENTO,ID_CARTA) values ('75','13','1','MOVIMENTO','5','2',null,null,null,'1','1','19','26',null,null);
Insert into DB_MONO.MOSSA (ID_MOSSA,TURNO,ORDINE,TIPO_MOSSA,DADO1,DADO2,TIPO_PAGAMENTO,PAGAMENTO_DATO,PAGAMENTO_RICEVUTO,ID_PARTITA,ID_GIOCATORE,CASELLA_PARTENZA,CASELLA_ARRIVO,ID_POSSEDIMENTO,ID_CARTA) values ('76','13','2','MOVIMENTO','4','4',null,null,null,'1','2','38','6',null,null);
Insert into DB_MONO.MOSSA (ID_MOSSA,TURNO,ORDINE,TIPO_MOSSA,DADO1,DADO2,TIPO_PAGAMENTO,PAGAMENTO_DATO,PAGAMENTO_RICEVUTO,ID_PARTITA,ID_GIOCATORE,CASELLA_PARTENZA,CASELLA_ARRIVO,ID_POSSEDIMENTO,ID_CARTA) values ('77','13','3','PAGAMENTO',null,null,'VERSO BANCA','0','200','1','2',null,null,null,null);
Insert into DB_MONO.MOSSA (ID_MOSSA,TURNO,ORDINE,TIPO_MOSSA,DADO1,DADO2,TIPO_PAGAMENTO,PAGAMENTO_DATO,PAGAMENTO_RICEVUTO,ID_PARTITA,ID_GIOCATORE,CASELLA_PARTENZA,CASELLA_ARRIVO,ID_POSSEDIMENTO,ID_CARTA) values ('78','13','4','PAGAMENTO',null,null,'VERSO GIOCATORE','6','0','1','2',null,null,null,null);
Insert into DB_MONO.MOSSA (ID_MOSSA,TURNO,ORDINE,TIPO_MOSSA,DADO1,DADO2,TIPO_PAGAMENTO,PAGAMENTO_DATO,PAGAMENTO_RICEVUTO,ID_PARTITA,ID_GIOCATORE,CASELLA_PARTENZA,CASELLA_ARRIVO,ID_POSSEDIMENTO,ID_CARTA) values ('79','13','5','MOVIMENTO','2','4',null,null,null,'1','3','33','39',null,null);
Insert into DB_MONO.MOSSA (ID_MOSSA,TURNO,ORDINE,TIPO_MOSSA,DADO1,DADO2,TIPO_PAGAMENTO,PAGAMENTO_DATO,PAGAMENTO_RICEVUTO,ID_PARTITA,ID_GIOCATORE,CASELLA_PARTENZA,CASELLA_ARRIVO,ID_POSSEDIMENTO,ID_CARTA) values ('80','14','1','MOVIMENTO','2','5',null,null,null,'1','1','26','33',null,'4');
Insert into DB_MONO.MOSSA (ID_MOSSA,TURNO,ORDINE,TIPO_MOSSA,DADO1,DADO2,TIPO_PAGAMENTO,PAGAMENTO_DATO,PAGAMENTO_RICEVUTO,ID_PARTITA,ID_GIOCATORE,CASELLA_PARTENZA,CASELLA_ARRIVO,ID_POSSEDIMENTO,ID_CARTA) values ('81','14','2','PAGAMENTO',null,null,'GENERICO','50','0','1','1',null,null,null,null);
Insert into DB_MONO.MOSSA (ID_MOSSA,TURNO,ORDINE,TIPO_MOSSA,DADO1,DADO2,TIPO_PAGAMENTO,PAGAMENTO_DATO,PAGAMENTO_RICEVUTO,ID_PARTITA,ID_GIOCATORE,CASELLA_PARTENZA,CASELLA_ARRIVO,ID_POSSEDIMENTO,ID_CARTA) values ('82','14','3','MOVIMENTO','1','3',null,null,null,'1','2','6','10',null,null);
Insert into DB_MONO.MOSSA (ID_MOSSA,TURNO,ORDINE,TIPO_MOSSA,DADO1,DADO2,TIPO_PAGAMENTO,PAGAMENTO_DATO,PAGAMENTO_RICEVUTO,ID_PARTITA,ID_GIOCATORE,CASELLA_PARTENZA,CASELLA_ARRIVO,ID_POSSEDIMENTO,ID_CARTA) values ('83','14','4','MOVIMENTO','4','3',null,null,null,'1','3','39','6',null,null);
Insert into DB_MONO.MOSSA (ID_MOSSA,TURNO,ORDINE,TIPO_MOSSA,DADO1,DADO2,TIPO_PAGAMENTO,PAGAMENTO_DATO,PAGAMENTO_RICEVUTO,ID_PARTITA,ID_GIOCATORE,CASELLA_PARTENZA,CASELLA_ARRIVO,ID_POSSEDIMENTO,ID_CARTA) values ('84','14','5','PAGAMENTO',null,null,'VERSO BANCA','0','200','1','3',null,null,null,null);
Insert into DB_MONO.MOSSA (ID_MOSSA,TURNO,ORDINE,TIPO_MOSSA,DADO1,DADO2,TIPO_PAGAMENTO,PAGAMENTO_DATO,PAGAMENTO_RICEVUTO,ID_PARTITA,ID_GIOCATORE,CASELLA_PARTENZA,CASELLA_ARRIVO,ID_POSSEDIMENTO,ID_CARTA) values ('85','14','6','PAGAMENTO',null,null,'VERSO GIOCATORE','6','0','1','3',null,null,null,null);
Insert into DB_MONO.MOSSA (ID_MOSSA,TURNO,ORDINE,TIPO_MOSSA,DADO1,DADO2,TIPO_PAGAMENTO,PAGAMENTO_DATO,PAGAMENTO_RICEVUTO,ID_PARTITA,ID_GIOCATORE,CASELLA_PARTENZA,CASELLA_ARRIVO,ID_POSSEDIMENTO,ID_CARTA) values ('86','15','1','MOVIMENTO','4','5',null,null,null,'1','1','33','2',null,'5');
Insert into DB_MONO.MOSSA (ID_MOSSA,TURNO,ORDINE,TIPO_MOSSA,DADO1,DADO2,TIPO_PAGAMENTO,PAGAMENTO_DATO,PAGAMENTO_RICEVUTO,ID_PARTITA,ID_GIOCATORE,CASELLA_PARTENZA,CASELLA_ARRIVO,ID_POSSEDIMENTO,ID_CARTA) values ('87','15','2','PAGAMENTO',null,null,'VERSO BANCA','0','200','1','1',null,null,null,null);
Insert into DB_MONO.MOSSA (ID_MOSSA,TURNO,ORDINE,TIPO_MOSSA,DADO1,DADO2,TIPO_PAGAMENTO,PAGAMENTO_DATO,PAGAMENTO_RICEVUTO,ID_PARTITA,ID_GIOCATORE,CASELLA_PARTENZA,CASELLA_ARRIVO,ID_POSSEDIMENTO,ID_CARTA) values ('88','15','3','PAGAMENTO',null,null,'GENERICO','90','0','1','1',null,null,null,null);
Insert into DB_MONO.MOSSA (ID_MOSSA,TURNO,ORDINE,TIPO_MOSSA,DADO1,DADO2,TIPO_PAGAMENTO,PAGAMENTO_DATO,PAGAMENTO_RICEVUTO,ID_PARTITA,ID_GIOCATORE,CASELLA_PARTENZA,CASELLA_ARRIVO,ID_POSSEDIMENTO,ID_CARTA) values ('89','15','4','MOVIMENTO','1','1',null,null,null,'1','2','10','12',null,null);
Insert into DB_MONO.MOSSA (ID_MOSSA,TURNO,ORDINE,TIPO_MOSSA,DADO1,DADO2,TIPO_PAGAMENTO,PAGAMENTO_DATO,PAGAMENTO_RICEVUTO,ID_PARTITA,ID_GIOCATORE,CASELLA_PARTENZA,CASELLA_ARRIVO,ID_POSSEDIMENTO,ID_CARTA) values ('90','15','5','PAGAMENTO',null,null,'VERSO BANCA','150','0','1','2',null,null,'16',null);
Insert into DB_MONO.MOSSA (ID_MOSSA,TURNO,ORDINE,TIPO_MOSSA,DADO1,DADO2,TIPO_PAGAMENTO,PAGAMENTO_DATO,PAGAMENTO_RICEVUTO,ID_PARTITA,ID_GIOCATORE,CASELLA_PARTENZA,CASELLA_ARRIVO,ID_POSSEDIMENTO,ID_CARTA) values ('91','16','1','MOVIMENTO','2','1',null,null,null,'1','2','12','15',null,null);
Insert into DB_MONO.MOSSA (ID_MOSSA,TURNO,ORDINE,TIPO_MOSSA,DADO1,DADO2,TIPO_PAGAMENTO,PAGAMENTO_DATO,PAGAMENTO_RICEVUTO,ID_PARTITA,ID_GIOCATORE,CASELLA_PARTENZA,CASELLA_ARRIVO,ID_POSSEDIMENTO,ID_CARTA) values ('92','16','2','PAGAMENTO',null,null,'VERSO GIOCATORE','25','0','1','2',null,null,null,null);
Insert into DB_MONO.MOSSA (ID_MOSSA,TURNO,ORDINE,TIPO_MOSSA,DADO1,DADO2,TIPO_PAGAMENTO,PAGAMENTO_DATO,PAGAMENTO_RICEVUTO,ID_PARTITA,ID_GIOCATORE,CASELLA_PARTENZA,CASELLA_ARRIVO,ID_POSSEDIMENTO,ID_CARTA) values ('93','15','6','MOVIMENTO','5','2',null,null,null,'1','3','6','13',null,null);
Insert into DB_MONO.MOSSA (ID_MOSSA,TURNO,ORDINE,TIPO_MOSSA,DADO1,DADO2,TIPO_PAGAMENTO,PAGAMENTO_DATO,PAGAMENTO_RICEVUTO,ID_PARTITA,ID_GIOCATORE,CASELLA_PARTENZA,CASELLA_ARRIVO,ID_POSSEDIMENTO,ID_CARTA) values ('94','16','3','PAGAMENTO',null,null,'VERSO BANCA','140','0','1','3',null,null,'17',null);
Insert into DB_MONO.MOSSA (ID_MOSSA,TURNO,ORDINE,TIPO_MOSSA,DADO1,DADO2,TIPO_PAGAMENTO,PAGAMENTO_DATO,PAGAMENTO_RICEVUTO,ID_PARTITA,ID_GIOCATORE,CASELLA_PARTENZA,CASELLA_ARRIVO,ID_POSSEDIMENTO,ID_CARTA) values ('95','16','4','MOVIMENTO','4','2',null,null,null,'1','1','2','8',null,null);
Insert into DB_MONO.MOSSA (ID_MOSSA,TURNO,ORDINE,TIPO_MOSSA,DADO1,DADO2,TIPO_PAGAMENTO,PAGAMENTO_DATO,PAGAMENTO_RICEVUTO,ID_PARTITA,ID_GIOCATORE,CASELLA_PARTENZA,CASELLA_ARRIVO,ID_POSSEDIMENTO,ID_CARTA) values ('96','16','5','PAGAMENTO',null,null,'VERSO BANCA','120','0','1','1',null,null,'18',null);
Insert into DB_MONO.MOSSA (ID_MOSSA,TURNO,ORDINE,TIPO_MOSSA,DADO1,DADO2,TIPO_PAGAMENTO,PAGAMENTO_DATO,PAGAMENTO_RICEVUTO,ID_PARTITA,ID_GIOCATORE,CASELLA_PARTENZA,CASELLA_ARRIVO,ID_POSSEDIMENTO,ID_CARTA) values ('97','17','1','MOVIMENTO','1','5',null,null,null,'1','2','15','21',null,null);
Insert into DB_MONO.MOSSA (ID_MOSSA,TURNO,ORDINE,TIPO_MOSSA,DADO1,DADO2,TIPO_PAGAMENTO,PAGAMENTO_DATO,PAGAMENTO_RICEVUTO,ID_PARTITA,ID_GIOCATORE,CASELLA_PARTENZA,CASELLA_ARRIVO,ID_POSSEDIMENTO,ID_CARTA) values ('98','17','2','PAGAMENTO',null,null,'VERSO BANCA','220','0','1','2',null,null,'19',null);
Insert into DB_MONO.MOSSA (ID_MOSSA,TURNO,ORDINE,TIPO_MOSSA,DADO1,DADO2,TIPO_PAGAMENTO,PAGAMENTO_DATO,PAGAMENTO_RICEVUTO,ID_PARTITA,ID_GIOCATORE,CASELLA_PARTENZA,CASELLA_ARRIVO,ID_POSSEDIMENTO,ID_CARTA) values ('99','17','3','MOVIMENTO','5','2',null,null,null,'1','3','13','20',null,null);
Insert into DB_MONO.MOSSA (ID_MOSSA,TURNO,ORDINE,TIPO_MOSSA,DADO1,DADO2,TIPO_PAGAMENTO,PAGAMENTO_DATO,PAGAMENTO_RICEVUTO,ID_PARTITA,ID_GIOCATORE,CASELLA_PARTENZA,CASELLA_ARRIVO,ID_POSSEDIMENTO,ID_CARTA) values ('100','17','4','MOVIMENTO','3','1',null,null,null,'1','1','8','12',null,null);
Insert into DB_MONO.MOSSA (ID_MOSSA,TURNO,ORDINE,TIPO_MOSSA,DADO1,DADO2,TIPO_PAGAMENTO,PAGAMENTO_DATO,PAGAMENTO_RICEVUTO,ID_PARTITA,ID_GIOCATORE,CASELLA_PARTENZA,CASELLA_ARRIVO,ID_POSSEDIMENTO,ID_CARTA) values ('101','17','5','PAGAMENTO',null,null,'VERSO GIOCATORE','16','0','1','1',null,null,null,null);
Insert into DB_MONO.MOSSA (ID_MOSSA,TURNO,ORDINE,TIPO_MOSSA,DADO1,DADO2,TIPO_PAGAMENTO,PAGAMENTO_DATO,PAGAMENTO_RICEVUTO,ID_PARTITA,ID_GIOCATORE,CASELLA_PARTENZA,CASELLA_ARRIVO,ID_POSSEDIMENTO,ID_CARTA) values ('102','18','1','MOVIMENTO','1','5',null,null,null,'1','2','21','27',null,null);
Insert into DB_MONO.MOSSA (ID_MOSSA,TURNO,ORDINE,TIPO_MOSSA,DADO1,DADO2,TIPO_PAGAMENTO,PAGAMENTO_DATO,PAGAMENTO_RICEVUTO,ID_PARTITA,ID_GIOCATORE,CASELLA_PARTENZA,CASELLA_ARRIVO,ID_POSSEDIMENTO,ID_CARTA) values ('103','18','2','PAGAMENTO',null,null,'VERSO BANCA','260','0','1','2',null,null,'20',null);
Insert into DB_MONO.MOSSA (ID_MOSSA,TURNO,ORDINE,TIPO_MOSSA,DADO1,DADO2,TIPO_PAGAMENTO,PAGAMENTO_DATO,PAGAMENTO_RICEVUTO,ID_PARTITA,ID_GIOCATORE,CASELLA_PARTENZA,CASELLA_ARRIVO,ID_POSSEDIMENTO,ID_CARTA) values ('105','18','4','MOVIMENTO','4','4',null,null,null,'1','1','12','20',null,null);
Insert into DB_MONO.MOSSA (ID_MOSSA,TURNO,ORDINE,TIPO_MOSSA,DADO1,DADO2,TIPO_PAGAMENTO,PAGAMENTO_DATO,PAGAMENTO_RICEVUTO,ID_PARTITA,ID_GIOCATORE,CASELLA_PARTENZA,CASELLA_ARRIVO,ID_POSSEDIMENTO,ID_CARTA) values ('106','19','1','MOVIMENTO','2','2',null,null,null,'1','2','27','31',null,null);
Insert into DB_MONO.MOSSA (ID_MOSSA,TURNO,ORDINE,TIPO_MOSSA,DADO1,DADO2,TIPO_PAGAMENTO,PAGAMENTO_DATO,PAGAMENTO_RICEVUTO,ID_PARTITA,ID_GIOCATORE,CASELLA_PARTENZA,CASELLA_ARRIVO,ID_POSSEDIMENTO,ID_CARTA) values ('107','19','2','PAGAMENTO',null,null,'VERSO BANCA','300','0','1','2',null,null,'21',null);
Insert into DB_MONO.MOSSA (ID_MOSSA,TURNO,ORDINE,TIPO_MOSSA,DADO1,DADO2,TIPO_PAGAMENTO,PAGAMENTO_DATO,PAGAMENTO_RICEVUTO,ID_PARTITA,ID_GIOCATORE,CASELLA_PARTENZA,CASELLA_ARRIVO,ID_POSSEDIMENTO,ID_CARTA) values ('108','19','3','MOVIMENTO','2','5',null,null,null,'1','2','5','12',null,null);
Insert into DB_MONO.MOSSA (ID_MOSSA,TURNO,ORDINE,TIPO_MOSSA,DADO1,DADO2,TIPO_PAGAMENTO,PAGAMENTO_DATO,PAGAMENTO_RICEVUTO,ID_PARTITA,ID_GIOCATORE,CASELLA_PARTENZA,CASELLA_ARRIVO,ID_POSSEDIMENTO,ID_CARTA) values ('109','19','4','PAGAMENTO',null,null,'VERSO BANCA','0','200','1','2',null,null,null,null);
Insert into DB_MONO.MOSSA (ID_MOSSA,TURNO,ORDINE,TIPO_MOSSA,DADO1,DADO2,TIPO_PAGAMENTO,PAGAMENTO_DATO,PAGAMENTO_RICEVUTO,ID_PARTITA,ID_GIOCATORE,CASELLA_PARTENZA,CASELLA_ARRIVO,ID_POSSEDIMENTO,ID_CARTA) values ('110','20','5','MOVIMENTO','1','4',null,null,null,'1','1','20','25',null,null);
Insert into DB_MONO.MOSSA (ID_MOSSA,TURNO,ORDINE,TIPO_MOSSA,DADO1,DADO2,TIPO_PAGAMENTO,PAGAMENTO_DATO,PAGAMENTO_RICEVUTO,ID_PARTITA,ID_GIOCATORE,CASELLA_PARTENZA,CASELLA_ARRIVO,ID_POSSEDIMENTO,ID_CARTA) values ('111','20','6','PAGAMENTO',null,null,'VERSO BANCA','200','0','1','1',null,null,'22',null);
Insert into DB_MONO.MOSSA (ID_MOSSA,TURNO,ORDINE,TIPO_MOSSA,DADO1,DADO2,TIPO_PAGAMENTO,PAGAMENTO_DATO,PAGAMENTO_RICEVUTO,ID_PARTITA,ID_GIOCATORE,CASELLA_PARTENZA,CASELLA_ARRIVO,ID_POSSEDIMENTO,ID_CARTA) values ('112','20','7','MOVIMENTO','5','3',null,null,null,'1','2','12','20',null,null);
Insert into DB_MONO.MOSSA (ID_MOSSA,TURNO,ORDINE,TIPO_MOSSA,DADO1,DADO2,TIPO_PAGAMENTO,PAGAMENTO_DATO,PAGAMENTO_RICEVUTO,ID_PARTITA,ID_GIOCATORE,CASELLA_PARTENZA,CASELLA_ARRIVO,ID_POSSEDIMENTO,ID_CARTA) values ('113','21','1','MOVIMENTO','3','4',null,null,null,'1','1','25','32',null,null);
Insert into DB_MONO.MOSSA (ID_MOSSA,TURNO,ORDINE,TIPO_MOSSA,DADO1,DADO2,TIPO_PAGAMENTO,PAGAMENTO_DATO,PAGAMENTO_RICEVUTO,ID_PARTITA,ID_GIOCATORE,CASELLA_PARTENZA,CASELLA_ARRIVO,ID_POSSEDIMENTO,ID_CARTA) values ('114','21','2','PAGAMENTO',null,null,'VERSO GIOCATORE','26','0','1','1',null,null,null,null);
Insert into DB_MONO.MOSSA (ID_MOSSA,TURNO,ORDINE,TIPO_MOSSA,DADO1,DADO2,TIPO_PAGAMENTO,PAGAMENTO_DATO,PAGAMENTO_RICEVUTO,ID_PARTITA,ID_GIOCATORE,CASELLA_PARTENZA,CASELLA_ARRIVO,ID_POSSEDIMENTO,ID_CARTA) values ('115','21','3','MOVIMENTO','5','1',null,null,null,'1','2','20','26',null,null);
Insert into DB_MONO.MOSSA (ID_MOSSA,TURNO,ORDINE,TIPO_MOSSA,DADO1,DADO2,TIPO_PAGAMENTO,PAGAMENTO_DATO,PAGAMENTO_RICEVUTO,ID_PARTITA,ID_GIOCATORE,CASELLA_PARTENZA,CASELLA_ARRIVO,ID_POSSEDIMENTO,ID_CARTA) values ('116','21','4','PAGAMENTO',null,null,'VERSO BANCA','260','0','1','2',null,null,'23',null);
Insert into DB_MONO.MOSSA (ID_MOSSA,TURNO,ORDINE,TIPO_MOSSA,DADO1,DADO2,TIPO_PAGAMENTO,PAGAMENTO_DATO,PAGAMENTO_RICEVUTO,ID_PARTITA,ID_GIOCATORE,CASELLA_PARTENZA,CASELLA_ARRIVO,ID_POSSEDIMENTO,ID_CARTA) values ('117','22','1','MOVIMENTO','2','5',null,null,null,'1','1','32','39',null,null);
Insert into DB_MONO.MOSSA (ID_MOSSA,TURNO,ORDINE,TIPO_MOSSA,DADO1,DADO2,TIPO_PAGAMENTO,PAGAMENTO_DATO,PAGAMENTO_RICEVUTO,ID_PARTITA,ID_GIOCATORE,CASELLA_PARTENZA,CASELLA_ARRIVO,ID_POSSEDIMENTO,ID_CARTA) values ('118','22','2','PAGAMENTO',null,null,'VERSO GIOCATORE','50','0','1','1',null,null,null,null);
Insert into DB_MONO.MOSSA (ID_MOSSA,TURNO,ORDINE,TIPO_MOSSA,DADO1,DADO2,TIPO_PAGAMENTO,PAGAMENTO_DATO,PAGAMENTO_RICEVUTO,ID_PARTITA,ID_GIOCATORE,CASELLA_PARTENZA,CASELLA_ARRIVO,ID_POSSEDIMENTO,ID_CARTA) values ('119','22','3','MOVIMENTO','2','4',null,null,null,'1','2','26','32',null,null);
Insert into DB_MONO.MOSSA (ID_MOSSA,TURNO,ORDINE,TIPO_MOSSA,DADO1,DADO2,TIPO_PAGAMENTO,PAGAMENTO_DATO,PAGAMENTO_RICEVUTO,ID_PARTITA,ID_GIOCATORE,CASELLA_PARTENZA,CASELLA_ARRIVO,ID_POSSEDIMENTO,ID_CARTA) values ('120','22','4','PAGAMENTO',null,null,'VERSO BANCA','200','0','1','2',null,null,'24',null);
Insert into DB_MONO.MOSSA (ID_MOSSA,TURNO,ORDINE,TIPO_MOSSA,DADO1,DADO2,TIPO_PAGAMENTO,PAGAMENTO_DATO,PAGAMENTO_RICEVUTO,ID_PARTITA,ID_GIOCATORE,CASELLA_PARTENZA,CASELLA_ARRIVO,ID_POSSEDIMENTO,ID_CARTA) values ('121','22','5','PAGAMENTO',null,null,'VERSO BANCA','50','0','1','3',null,null,null,null);
Insert into DB_MONO.MOSSA (ID_MOSSA,TURNO,ORDINE,TIPO_MOSSA,DADO1,DADO2,TIPO_PAGAMENTO,PAGAMENTO_DATO,PAGAMENTO_RICEVUTO,ID_PARTITA,ID_GIOCATORE,CASELLA_PARTENZA,CASELLA_ARRIVO,ID_POSSEDIMENTO,ID_CARTA) values ('122','22','1','MOVIMENTO','1','1',null,null,null,'1','3','32','34',null,null);
Insert into DB_MONO.MOSSA (ID_MOSSA,TURNO,ORDINE,TIPO_MOSSA,DADO1,DADO2,TIPO_PAGAMENTO,PAGAMENTO_DATO,PAGAMENTO_RICEVUTO,ID_PARTITA,ID_GIOCATORE,CASELLA_PARTENZA,CASELLA_ARRIVO,ID_POSSEDIMENTO,ID_CARTA) values ('123','22','6','PAGAMENTO',null,null,'VERSO GIOCATORE','28','0','1','3',null,null,null,null);
Insert into DB_MONO.MOSSA (ID_MOSSA,TURNO,ORDINE,TIPO_MOSSA,DADO1,DADO2,TIPO_PAGAMENTO,PAGAMENTO_DATO,PAGAMENTO_RICEVUTO,ID_PARTITA,ID_GIOCATORE,CASELLA_PARTENZA,CASELLA_ARRIVO,ID_POSSEDIMENTO,ID_CARTA) values ('124','23','1','MOVIMENTO','2','5',null,null,null,'1','1','39','6',null,null);
Insert into DB_MONO.MOSSA (ID_MOSSA,TURNO,ORDINE,TIPO_MOSSA,DADO1,DADO2,TIPO_PAGAMENTO,PAGAMENTO_DATO,PAGAMENTO_RICEVUTO,ID_PARTITA,ID_GIOCATORE,CASELLA_PARTENZA,CASELLA_ARRIVO,ID_POSSEDIMENTO,ID_CARTA) values ('125','23','2','PAGAMENTO',null,null,'VERSO BANCA','0','200','1','1',null,null,null,null);
Insert into DB_MONO.MOSSA (ID_MOSSA,TURNO,ORDINE,TIPO_MOSSA,DADO1,DADO2,TIPO_PAGAMENTO,PAGAMENTO_DATO,PAGAMENTO_RICEVUTO,ID_PARTITA,ID_GIOCATORE,CASELLA_PARTENZA,CASELLA_ARRIVO,ID_POSSEDIMENTO,ID_CARTA) values ('126','23','3','MOVIMENTO','2','5',null,null,null,'1','2','32','39',null,null);
Insert into DB_MONO.MOSSA (ID_MOSSA,TURNO,ORDINE,TIPO_MOSSA,DADO1,DADO2,TIPO_PAGAMENTO,PAGAMENTO_DATO,PAGAMENTO_RICEVUTO,ID_PARTITA,ID_GIOCATORE,CASELLA_PARTENZA,CASELLA_ARRIVO,ID_POSSEDIMENTO,ID_CARTA) values ('127','23','4','PAGAMENTO',null,null,'VERSO GIOCATORE','50','0','1','2',null,null,null,null);
Insert into DB_MONO.MOSSA (ID_MOSSA,TURNO,ORDINE,TIPO_MOSSA,DADO1,DADO2,TIPO_PAGAMENTO,PAGAMENTO_DATO,PAGAMENTO_RICEVUTO,ID_PARTITA,ID_GIOCATORE,CASELLA_PARTENZA,CASELLA_ARRIVO,ID_POSSEDIMENTO,ID_CARTA) values ('128','23','5','MOVIMENTO','5','4',null,null,null,'1','3','34','3',null,null);
Insert into DB_MONO.MOSSA (ID_MOSSA,TURNO,ORDINE,TIPO_MOSSA,DADO1,DADO2,TIPO_PAGAMENTO,PAGAMENTO_DATO,PAGAMENTO_RICEVUTO,ID_PARTITA,ID_GIOCATORE,CASELLA_PARTENZA,CASELLA_ARRIVO,ID_POSSEDIMENTO,ID_CARTA) values ('129','23','6','PAGAMENTO',null,null,'VERSO BANCA','0','200','1','3',null,null,null,null);
Insert into DB_MONO.MOSSA (ID_MOSSA,TURNO,ORDINE,TIPO_MOSSA,DADO1,DADO2,TIPO_PAGAMENTO,PAGAMENTO_DATO,PAGAMENTO_RICEVUTO,ID_PARTITA,ID_GIOCATORE,CASELLA_PARTENZA,CASELLA_ARRIVO,ID_POSSEDIMENTO,ID_CARTA) values ('130','22','7','PAGAMENTO',null,null,'VERSO BANCA','60','0','1','3',null,null,'25',null);
Insert into DB_MONO.MOSSA (ID_MOSSA,TURNO,ORDINE,TIPO_MOSSA,DADO1,DADO2,TIPO_PAGAMENTO,PAGAMENTO_DATO,PAGAMENTO_RICEVUTO,ID_PARTITA,ID_GIOCATORE,CASELLA_PARTENZA,CASELLA_ARRIVO,ID_POSSEDIMENTO,ID_CARTA) values ('131','24','1','MOVIMENTO','1','2',null,null,null,'1','1','6','9',null,null);
Insert into DB_MONO.MOSSA (ID_MOSSA,TURNO,ORDINE,TIPO_MOSSA,DADO1,DADO2,TIPO_PAGAMENTO,PAGAMENTO_DATO,PAGAMENTO_RICEVUTO,ID_PARTITA,ID_GIOCATORE,CASELLA_PARTENZA,CASELLA_ARRIVO,ID_POSSEDIMENTO,ID_CARTA) values ('132','24','2','PAGAMENTO',null,null,'VERSO GIOCATORE','8','0','1','1',null,null,null,null);
Insert into DB_MONO.MOSSA (ID_MOSSA,TURNO,ORDINE,TIPO_MOSSA,DADO1,DADO2,TIPO_PAGAMENTO,PAGAMENTO_DATO,PAGAMENTO_RICEVUTO,ID_PARTITA,ID_GIOCATORE,CASELLA_PARTENZA,CASELLA_ARRIVO,ID_POSSEDIMENTO,ID_CARTA) values ('133','24','3','MOVIMENTO','5','3',null,null,null,'1','2','39','7',null,'13');
Insert into DB_MONO.MOSSA (ID_MOSSA,TURNO,ORDINE,TIPO_MOSSA,DADO1,DADO2,TIPO_PAGAMENTO,PAGAMENTO_DATO,PAGAMENTO_RICEVUTO,ID_PARTITA,ID_GIOCATORE,CASELLA_PARTENZA,CASELLA_ARRIVO,ID_POSSEDIMENTO,ID_CARTA) values ('134','24','4','PAGAMENTO',null,null,'VERSO BANCA','0','200','1','2',null,null,null,null);
Insert into DB_MONO.MOSSA (ID_MOSSA,TURNO,ORDINE,TIPO_MOSSA,DADO1,DADO2,TIPO_PAGAMENTO,PAGAMENTO_DATO,PAGAMENTO_RICEVUTO,ID_PARTITA,ID_GIOCATORE,CASELLA_PARTENZA,CASELLA_ARRIVO,ID_POSSEDIMENTO,ID_CARTA) values ('135','24','5','PAGAMENTO',null,null,'VERSO GIOCATORE','50','0','1','2',null,null,null,null);
Insert into DB_MONO.MOSSA (ID_MOSSA,TURNO,ORDINE,TIPO_MOSSA,DADO1,DADO2,TIPO_PAGAMENTO,PAGAMENTO_DATO,PAGAMENTO_RICEVUTO,ID_PARTITA,ID_GIOCATORE,CASELLA_PARTENZA,CASELLA_ARRIVO,ID_POSSEDIMENTO,ID_CARTA) values ('136','24','6','PAGAMENTO',null,null,'VERSO GIOCATORE','50','0','1','2',null,null,null,null);
Insert into DB_MONO.MOSSA (ID_MOSSA,TURNO,ORDINE,TIPO_MOSSA,DADO1,DADO2,TIPO_PAGAMENTO,PAGAMENTO_DATO,PAGAMENTO_RICEVUTO,ID_PARTITA,ID_GIOCATORE,CASELLA_PARTENZA,CASELLA_ARRIVO,ID_POSSEDIMENTO,ID_CARTA) values ('137','24','7','MOVIMENTO','3','4',null,null,null,'1','3','3','10',null,null);
Insert into DB_MONO.MOSSA (ID_MOSSA,TURNO,ORDINE,TIPO_MOSSA,DADO1,DADO2,TIPO_PAGAMENTO,PAGAMENTO_DATO,PAGAMENTO_RICEVUTO,ID_PARTITA,ID_GIOCATORE,CASELLA_PARTENZA,CASELLA_ARRIVO,ID_POSSEDIMENTO,ID_CARTA) values ('138','25','1','MOVIMENTO','5','3',null,null,null,'1','1','9','17',null,'7');
Insert into DB_MONO.MOSSA (ID_MOSSA,TURNO,ORDINE,TIPO_MOSSA,DADO1,DADO2,TIPO_PAGAMENTO,PAGAMENTO_DATO,PAGAMENTO_RICEVUTO,ID_PARTITA,ID_GIOCATORE,CASELLA_PARTENZA,CASELLA_ARRIVO,ID_POSSEDIMENTO,ID_CARTA) values ('139','25','2','PAGAMENTO',null,null,'GENERICO','0','25','1','1',null,null,null,null);
Insert into DB_MONO.MOSSA (ID_MOSSA,TURNO,ORDINE,TIPO_MOSSA,DADO1,DADO2,TIPO_PAGAMENTO,PAGAMENTO_DATO,PAGAMENTO_RICEVUTO,ID_PARTITA,ID_GIOCATORE,CASELLA_PARTENZA,CASELLA_ARRIVO,ID_POSSEDIMENTO,ID_CARTA) values ('140','25','3','MOVIMENTO','3','2',null,null,null,'1','2','7','12',null,null);
Insert into DB_MONO.MOSSA (ID_MOSSA,TURNO,ORDINE,TIPO_MOSSA,DADO1,DADO2,TIPO_PAGAMENTO,PAGAMENTO_DATO,PAGAMENTO_RICEVUTO,ID_PARTITA,ID_GIOCATORE,CASELLA_PARTENZA,CASELLA_ARRIVO,ID_POSSEDIMENTO,ID_CARTA) values ('141','25','4','MOVIMENTO','3','5',null,null,null,'1','3','10','18',null,null);
Insert into DB_MONO.MOSSA (ID_MOSSA,TURNO,ORDINE,TIPO_MOSSA,DADO1,DADO2,TIPO_PAGAMENTO,PAGAMENTO_DATO,PAGAMENTO_RICEVUTO,ID_PARTITA,ID_GIOCATORE,CASELLA_PARTENZA,CASELLA_ARRIVO,ID_POSSEDIMENTO,ID_CARTA) values ('142','26','1','MOVIMENTO','5','3',null,null,null,'1','1','17','25',null,null);
Insert into DB_MONO.MOSSA (ID_MOSSA,TURNO,ORDINE,TIPO_MOSSA,DADO1,DADO2,TIPO_PAGAMENTO,PAGAMENTO_DATO,PAGAMENTO_RICEVUTO,ID_PARTITA,ID_GIOCATORE,CASELLA_PARTENZA,CASELLA_ARRIVO,ID_POSSEDIMENTO,ID_CARTA) values ('143','26','2','MOVIMENTO','4','5',null,null,null,'1','2','12','21',null,null);
Insert into DB_MONO.MOSSA (ID_MOSSA,TURNO,ORDINE,TIPO_MOSSA,DADO1,DADO2,TIPO_PAGAMENTO,PAGAMENTO_DATO,PAGAMENTO_RICEVUTO,ID_PARTITA,ID_GIOCATORE,CASELLA_PARTENZA,CASELLA_ARRIVO,ID_POSSEDIMENTO,ID_CARTA) values ('144','26','3','MOVIMENTO','1','1',null,null,null,'1','3','18','20',null,null);
Insert into DB_MONO.MOSSA (ID_MOSSA,TURNO,ORDINE,TIPO_MOSSA,DADO1,DADO2,TIPO_PAGAMENTO,PAGAMENTO_DATO,PAGAMENTO_RICEVUTO,ID_PARTITA,ID_GIOCATORE,CASELLA_PARTENZA,CASELLA_ARRIVO,ID_POSSEDIMENTO,ID_CARTA) values ('145','27','1','MOVIMENTO','2','5',null,null,null,'1','1','25','32',null,null);
Insert into DB_MONO.MOSSA (ID_MOSSA,TURNO,ORDINE,TIPO_MOSSA,DADO1,DADO2,TIPO_PAGAMENTO,PAGAMENTO_DATO,PAGAMENTO_RICEVUTO,ID_PARTITA,ID_GIOCATORE,CASELLA_PARTENZA,CASELLA_ARRIVO,ID_POSSEDIMENTO,ID_CARTA) values ('146','27','2','PAGAMENTO',null,null,'VERSO GIOCATORE','130','0','1','1',null,null,null,null);
Insert into DB_MONO.MOSSA (ID_MOSSA,TURNO,ORDINE,TIPO_MOSSA,DADO1,DADO2,TIPO_PAGAMENTO,PAGAMENTO_DATO,PAGAMENTO_RICEVUTO,ID_PARTITA,ID_GIOCATORE,CASELLA_PARTENZA,CASELLA_ARRIVO,ID_POSSEDIMENTO,ID_CARTA) values ('147','27','3','MOVIMENTO','1','3',null,null,null,'1','2','21','25',null,null);
Insert into DB_MONO.MOSSA (ID_MOSSA,TURNO,ORDINE,TIPO_MOSSA,DADO1,DADO2,TIPO_PAGAMENTO,PAGAMENTO_DATO,PAGAMENTO_RICEVUTO,ID_PARTITA,ID_GIOCATORE,CASELLA_PARTENZA,CASELLA_ARRIVO,ID_POSSEDIMENTO,ID_CARTA) values ('148','27','4','PAGAMENTO',null,null,'VERSO GIOCATORE','50','0','1','2',null,null,null,null);
Insert into DB_MONO.MOSSA (ID_MOSSA,TURNO,ORDINE,TIPO_MOSSA,DADO1,DADO2,TIPO_PAGAMENTO,PAGAMENTO_DATO,PAGAMENTO_RICEVUTO,ID_PARTITA,ID_GIOCATORE,CASELLA_PARTENZA,CASELLA_ARRIVO,ID_POSSEDIMENTO,ID_CARTA) values ('149','27','5','MOVIMENTO','5','3',null,null,null,'1','3','20','28',null,null);
Insert into DB_MONO.MOSSA (ID_MOSSA,TURNO,ORDINE,TIPO_MOSSA,DADO1,DADO2,TIPO_PAGAMENTO,PAGAMENTO_DATO,PAGAMENTO_RICEVUTO,ID_PARTITA,ID_GIOCATORE,CASELLA_PARTENZA,CASELLA_ARRIVO,ID_POSSEDIMENTO,ID_CARTA) values ('152','28','2','PAGAMENTO',null,null,'VERSO BANCA','0','200','1','1',null,null,null,null);
Insert into DB_MONO.MOSSA (ID_MOSSA,TURNO,ORDINE,TIPO_MOSSA,DADO1,DADO2,TIPO_PAGAMENTO,PAGAMENTO_DATO,PAGAMENTO_RICEVUTO,ID_PARTITA,ID_GIOCATORE,CASELLA_PARTENZA,CASELLA_ARRIVO,ID_POSSEDIMENTO,ID_CARTA) values ('153','28','3','MOVIMENTO','2','4',null,null,null,'1','2','25','31',null,null);
Insert into DB_MONO.MOSSA (ID_MOSSA,TURNO,ORDINE,TIPO_MOSSA,DADO1,DADO2,TIPO_PAGAMENTO,PAGAMENTO_DATO,PAGAMENTO_RICEVUTO,ID_PARTITA,ID_GIOCATORE,CASELLA_PARTENZA,CASELLA_ARRIVO,ID_POSSEDIMENTO,ID_CARTA) values ('150','27','6','PAGAMENTO',null,null,'VERSO GIOCATORE','32','0','1','3',null,null,null,null);
Insert into DB_MONO.MOSSA (ID_MOSSA,TURNO,ORDINE,TIPO_MOSSA,DADO1,DADO2,TIPO_PAGAMENTO,PAGAMENTO_DATO,PAGAMENTO_RICEVUTO,ID_PARTITA,ID_GIOCATORE,CASELLA_PARTENZA,CASELLA_ARRIVO,ID_POSSEDIMENTO,ID_CARTA) values ('154','28','4','PAGAMENTO',null,null,'VERSO BANCA','200','0','1','2',null,null,'26',null);
Insert into DB_MONO.MOSSA (ID_MOSSA,TURNO,ORDINE,TIPO_MOSSA,DADO1,DADO2,TIPO_PAGAMENTO,PAGAMENTO_DATO,PAGAMENTO_RICEVUTO,ID_PARTITA,ID_GIOCATORE,CASELLA_PARTENZA,CASELLA_ARRIVO,ID_POSSEDIMENTO,ID_CARTA) values ('151','28','1','MOVIMENTO','3','2',null,null,null,'1','1','32','37',null,null);
Insert into DB_MONO.MOSSA (ID_MOSSA,TURNO,ORDINE,TIPO_MOSSA,DADO1,DADO2,TIPO_PAGAMENTO,PAGAMENTO_DATO,PAGAMENTO_RICEVUTO,ID_PARTITA,ID_GIOCATORE,CASELLA_PARTENZA,CASELLA_ARRIVO,ID_POSSEDIMENTO,ID_CARTA) values ('155','28','5','MOVIMENTO','3','5',null,null,null,'1','3','28','36',null,'13');
Insert into DB_MONO.MOSSA (ID_MOSSA,TURNO,ORDINE,TIPO_MOSSA,DADO1,DADO2,TIPO_PAGAMENTO,PAGAMENTO_DATO,PAGAMENTO_RICEVUTO,ID_PARTITA,ID_GIOCATORE,CASELLA_PARTENZA,CASELLA_ARRIVO,ID_POSSEDIMENTO,ID_CARTA) values ('156','28','6','PAGAMENTO',null,null,'VERSO GIOCATORE','50','0','1','3',null,null,null,null);
Insert into DB_MONO.MOSSA (ID_MOSSA,TURNO,ORDINE,TIPO_MOSSA,DADO1,DADO2,TIPO_PAGAMENTO,PAGAMENTO_DATO,PAGAMENTO_RICEVUTO,ID_PARTITA,ID_GIOCATORE,CASELLA_PARTENZA,CASELLA_ARRIVO,ID_POSSEDIMENTO,ID_CARTA) values ('157','28','7','PAGAMENTO',null,null,'VERSO GIOCATORE','50','0','1','3',null,null,null,null);
Insert into DB_MONO.MOSSA (ID_MOSSA,TURNO,ORDINE,TIPO_MOSSA,DADO1,DADO2,TIPO_PAGAMENTO,PAGAMENTO_DATO,PAGAMENTO_RICEVUTO,ID_PARTITA,ID_GIOCATORE,CASELLA_PARTENZA,CASELLA_ARRIVO,ID_POSSEDIMENTO,ID_CARTA) values ('158','29','1','MOVIMENTO','3','5',null,null,null,'1','1','37','5',null,null);
Insert into DB_MONO.MOSSA (ID_MOSSA,TURNO,ORDINE,TIPO_MOSSA,DADO1,DADO2,TIPO_PAGAMENTO,PAGAMENTO_DATO,PAGAMENTO_RICEVUTO,ID_PARTITA,ID_GIOCATORE,CASELLA_PARTENZA,CASELLA_ARRIVO,ID_POSSEDIMENTO,ID_CARTA) values ('159','29','2','PAGAMENTO',null,null,'VERSO BANCA','0','200','1','1',null,null,null,null);
Insert into DB_MONO.MOSSA (ID_MOSSA,TURNO,ORDINE,TIPO_MOSSA,DADO1,DADO2,TIPO_PAGAMENTO,PAGAMENTO_DATO,PAGAMENTO_RICEVUTO,ID_PARTITA,ID_GIOCATORE,CASELLA_PARTENZA,CASELLA_ARRIVO,ID_POSSEDIMENTO,ID_CARTA) values ('160','29','3','PAGAMENTO',null,null,'VERSO GIOCATORE','25','0','1','1',null,null,null,null);
Insert into DB_MONO.MOSSA (ID_MOSSA,TURNO,ORDINE,TIPO_MOSSA,DADO1,DADO2,TIPO_PAGAMENTO,PAGAMENTO_DATO,PAGAMENTO_RICEVUTO,ID_PARTITA,ID_GIOCATORE,CASELLA_PARTENZA,CASELLA_ARRIVO,ID_POSSEDIMENTO,ID_CARTA) values ('161','29','4','MOVIMENTO','2','1',null,null,null,'1','2','31','34',null,null);
Insert into DB_MONO.MOSSA (ID_MOSSA,TURNO,ORDINE,TIPO_MOSSA,DADO1,DADO2,TIPO_PAGAMENTO,PAGAMENTO_DATO,PAGAMENTO_RICEVUTO,ID_PARTITA,ID_GIOCATORE,CASELLA_PARTENZA,CASELLA_ARRIVO,ID_POSSEDIMENTO,ID_CARTA) values ('162','29','5','PAGAMENTO',null,null,'VERSO BANCA','200','0','1','2',null,null,'27',null);
Insert into DB_MONO.MOSSA (ID_MOSSA,TURNO,ORDINE,TIPO_MOSSA,DADO1,DADO2,TIPO_PAGAMENTO,PAGAMENTO_DATO,PAGAMENTO_RICEVUTO,ID_PARTITA,ID_GIOCATORE,CASELLA_PARTENZA,CASELLA_ARRIVO,ID_POSSEDIMENTO,ID_CARTA) values ('163','29','6','MOVIMENTO','3','1',null,null,null,'1','3','36','40',null,null);
Insert into DB_MONO.MOSSA (ID_MOSSA,TURNO,ORDINE,TIPO_MOSSA,DADO1,DADO2,TIPO_PAGAMENTO,PAGAMENTO_DATO,PAGAMENTO_RICEVUTO,ID_PARTITA,ID_GIOCATORE,CASELLA_PARTENZA,CASELLA_ARRIVO,ID_POSSEDIMENTO,ID_CARTA) values ('164','30','1','MOVIMENTO','4','1',null,null,null,'1','1','5','10',null,null);
Insert into DB_MONO.MOSSA (ID_MOSSA,TURNO,ORDINE,TIPO_MOSSA,DADO1,DADO2,TIPO_PAGAMENTO,PAGAMENTO_DATO,PAGAMENTO_RICEVUTO,ID_PARTITA,ID_GIOCATORE,CASELLA_PARTENZA,CASELLA_ARRIVO,ID_POSSEDIMENTO,ID_CARTA) values ('165','30','2','MOVIMENTO','5','4',null,null,null,'1','2','34','3',null,null);
Insert into DB_MONO.MOSSA (ID_MOSSA,TURNO,ORDINE,TIPO_MOSSA,DADO1,DADO2,TIPO_PAGAMENTO,PAGAMENTO_DATO,PAGAMENTO_RICEVUTO,ID_PARTITA,ID_GIOCATORE,CASELLA_PARTENZA,CASELLA_ARRIVO,ID_POSSEDIMENTO,ID_CARTA) values ('166','30','3','PAGAMENTO',null,null,'VERSO BANCA','0','200','1','2',null,null,null,null);
Insert into DB_MONO.MOSSA (ID_MOSSA,TURNO,ORDINE,TIPO_MOSSA,DADO1,DADO2,TIPO_PAGAMENTO,PAGAMENTO_DATO,PAGAMENTO_RICEVUTO,ID_PARTITA,ID_GIOCATORE,CASELLA_PARTENZA,CASELLA_ARRIVO,ID_POSSEDIMENTO,ID_CARTA) values ('167','30','4','PAGAMENTO',null,null,'VERSO GIOCATORE','4','0','1','2',null,null,null,null);
Insert into DB_MONO.MOSSA (ID_MOSSA,TURNO,ORDINE,TIPO_MOSSA,DADO1,DADO2,TIPO_PAGAMENTO,PAGAMENTO_DATO,PAGAMENTO_RICEVUTO,ID_PARTITA,ID_GIOCATORE,CASELLA_PARTENZA,CASELLA_ARRIVO,ID_POSSEDIMENTO,ID_CARTA) values ('168','30','5','MOVIMENTO','4','5',null,null,null,'1','3','40','9',null,null);
Insert into DB_MONO.MOSSA (ID_MOSSA,TURNO,ORDINE,TIPO_MOSSA,DADO1,DADO2,TIPO_PAGAMENTO,PAGAMENTO_DATO,PAGAMENTO_RICEVUTO,ID_PARTITA,ID_GIOCATORE,CASELLA_PARTENZA,CASELLA_ARRIVO,ID_POSSEDIMENTO,ID_CARTA) values ('169','30','6','PAGAMENTO',null,null,'VERSO BANCA','0','200','1','3',null,null,null,null);
Insert into DB_MONO.MOSSA (ID_MOSSA,TURNO,ORDINE,TIPO_MOSSA,DADO1,DADO2,TIPO_PAGAMENTO,PAGAMENTO_DATO,PAGAMENTO_RICEVUTO,ID_PARTITA,ID_GIOCATORE,CASELLA_PARTENZA,CASELLA_ARRIVO,ID_POSSEDIMENTO,ID_CARTA) values ('170','31','1','MOVIMENTO','3','5',null,null,null,'1','1','10','18',null,null);
Insert into DB_MONO.MOSSA (ID_MOSSA,TURNO,ORDINE,TIPO_MOSSA,DADO1,DADO2,TIPO_PAGAMENTO,PAGAMENTO_DATO,PAGAMENTO_RICEVUTO,ID_PARTITA,ID_GIOCATORE,CASELLA_PARTENZA,CASELLA_ARRIVO,ID_POSSEDIMENTO,ID_CARTA) values ('171','31','2','PAGAMENTO',null,null,'VERSO BANCA','180','0','1','1',null,null,'28',null);
Insert into DB_MONO.MOSSA (ID_MOSSA,TURNO,ORDINE,TIPO_MOSSA,DADO1,DADO2,TIPO_PAGAMENTO,PAGAMENTO_DATO,PAGAMENTO_RICEVUTO,ID_PARTITA,ID_GIOCATORE,CASELLA_PARTENZA,CASELLA_ARRIVO,ID_POSSEDIMENTO,ID_CARTA) values ('172','31','3','MOVIMENTO','4','2',null,null,null,'1','2','3','9',null,null);
Insert into DB_MONO.MOSSA (ID_MOSSA,TURNO,ORDINE,TIPO_MOSSA,DADO1,DADO2,TIPO_PAGAMENTO,PAGAMENTO_DATO,PAGAMENTO_RICEVUTO,ID_PARTITA,ID_GIOCATORE,CASELLA_PARTENZA,CASELLA_ARRIVO,ID_POSSEDIMENTO,ID_CARTA) values ('327','8','1','MOVIMENTO','5','3',null,null,null,'3','4','40','8',null,null);
Insert into DB_MONO.MOSSA (ID_MOSSA,TURNO,ORDINE,TIPO_MOSSA,DADO1,DADO2,TIPO_PAGAMENTO,PAGAMENTO_DATO,PAGAMENTO_RICEVUTO,ID_PARTITA,ID_GIOCATORE,CASELLA_PARTENZA,CASELLA_ARRIVO,ID_POSSEDIMENTO,ID_CARTA) values ('328','8','2','PAGAMENTO',null,null,'VERSO BANCA','0','200','3','4',null,null,null,null);
Insert into DB_MONO.MOSSA (ID_MOSSA,TURNO,ORDINE,TIPO_MOSSA,DADO1,DADO2,TIPO_PAGAMENTO,PAGAMENTO_DATO,PAGAMENTO_RICEVUTO,ID_PARTITA,ID_GIOCATORE,CASELLA_PARTENZA,CASELLA_ARRIVO,ID_POSSEDIMENTO,ID_CARTA) values ('330','9','1','MOVIMENTO','4','4',null,null,null,'3','4','8','16',null,null);
Insert into DB_MONO.MOSSA (ID_MOSSA,TURNO,ORDINE,TIPO_MOSSA,DADO1,DADO2,TIPO_PAGAMENTO,PAGAMENTO_DATO,PAGAMENTO_RICEVUTO,ID_PARTITA,ID_GIOCATORE,CASELLA_PARTENZA,CASELLA_ARRIVO,ID_POSSEDIMENTO,ID_CARTA) values ('331','9','2','MOVIMENTO','1','4',null,null,null,'3','5','11','16',null,null);
Insert into DB_MONO.MOSSA (ID_MOSSA,TURNO,ORDINE,TIPO_MOSSA,DADO1,DADO2,TIPO_PAGAMENTO,PAGAMENTO_DATO,PAGAMENTO_RICEVUTO,ID_PARTITA,ID_GIOCATORE,CASELLA_PARTENZA,CASELLA_ARRIVO,ID_POSSEDIMENTO,ID_CARTA) values ('429','14','1','MOVIMENTO','4','3',null,null,null,'6','6','35','2',null,'7');
Insert into DB_MONO.MOSSA (ID_MOSSA,TURNO,ORDINE,TIPO_MOSSA,DADO1,DADO2,TIPO_PAGAMENTO,PAGAMENTO_DATO,PAGAMENTO_RICEVUTO,ID_PARTITA,ID_GIOCATORE,CASELLA_PARTENZA,CASELLA_ARRIVO,ID_POSSEDIMENTO,ID_CARTA) values ('430','14','2','PAGAMENTO',null,null,'VERSO BANCA','0','200','6','6',null,null,null,null);
REM INSERTING into DB_MONO.PAGAMENTO_GIOCATORE
SET DEFINE OFF;
Insert into DB_MONO.PAGAMENTO_GIOCATORE (ID_MOSSA,ID_GIOCATORE) values ('173','3');
Insert into DB_MONO.PAGAMENTO_GIOCATORE (ID_MOSSA,ID_GIOCATORE) values ('180','2');
Insert into DB_MONO.PAGAMENTO_GIOCATORE (ID_MOSSA,ID_GIOCATORE) values ('192','3');
Insert into DB_MONO.PAGAMENTO_GIOCATORE (ID_MOSSA,ID_GIOCATORE) values ('199','3');
Insert into DB_MONO.PAGAMENTO_GIOCATORE (ID_MOSSA,ID_GIOCATORE) values ('227','9');
Insert into DB_MONO.PAGAMENTO_GIOCATORE (ID_MOSSA,ID_GIOCATORE) values ('237','6');
Insert into DB_MONO.PAGAMENTO_GIOCATORE (ID_MOSSA,ID_GIOCATORE) values ('247','6');
Insert into DB_MONO.PAGAMENTO_GIOCATORE (ID_MOSSA,ID_GIOCATORE) values ('269','8');
Insert into DB_MONO.PAGAMENTO_GIOCATORE (ID_MOSSA,ID_GIOCATORE) values ('280','6');
Insert into DB_MONO.PAGAMENTO_GIOCATORE (ID_MOSSA,ID_GIOCATORE) values ('285','7');
Insert into DB_MONO.PAGAMENTO_GIOCATORE (ID_MOSSA,ID_GIOCATORE) values ('293','6');
Insert into DB_MONO.PAGAMENTO_GIOCATORE (ID_MOSSA,ID_GIOCATORE) values ('294','7');
Insert into DB_MONO.PAGAMENTO_GIOCATORE (ID_MOSSA,ID_GIOCATORE) values ('295','8');
Insert into DB_MONO.PAGAMENTO_GIOCATORE (ID_MOSSA,ID_GIOCATORE) values ('335','10');
Insert into DB_MONO.PAGAMENTO_GIOCATORE (ID_MOSSA,ID_GIOCATORE) values ('336','11');
Insert into DB_MONO.PAGAMENTO_GIOCATORE (ID_MOSSA,ID_GIOCATORE) values ('337','13');
Insert into DB_MONO.PAGAMENTO_GIOCATORE (ID_MOSSA,ID_GIOCATORE) values ('338','14');
Insert into DB_MONO.PAGAMENTO_GIOCATORE (ID_MOSSA,ID_GIOCATORE) values ('339','15');
Insert into DB_MONO.PAGAMENTO_GIOCATORE (ID_MOSSA,ID_GIOCATORE) values ('372','17');
Insert into DB_MONO.PAGAMENTO_GIOCATORE (ID_MOSSA,ID_GIOCATORE) values ('423','6');
Insert into DB_MONO.PAGAMENTO_GIOCATORE (ID_MOSSA,ID_GIOCATORE) values ('428','9');
Insert into DB_MONO.PAGAMENTO_GIOCATORE (ID_MOSSA,ID_GIOCATORE) values ('20','3');
Insert into DB_MONO.PAGAMENTO_GIOCATORE (ID_MOSSA,ID_GIOCATORE) values ('30','1');
Insert into DB_MONO.PAGAMENTO_GIOCATORE (ID_MOSSA,ID_GIOCATORE) values ('49','2');
Insert into DB_MONO.PAGAMENTO_GIOCATORE (ID_MOSSA,ID_GIOCATORE) values ('10','1');
Insert into DB_MONO.PAGAMENTO_GIOCATORE (ID_MOSSA,ID_GIOCATORE) values ('51','3');
Insert into DB_MONO.PAGAMENTO_GIOCATORE (ID_MOSSA,ID_GIOCATORE) values ('55','1');
Insert into DB_MONO.PAGAMENTO_GIOCATORE (ID_MOSSA,ID_GIOCATORE) values ('59','2');
Insert into DB_MONO.PAGAMENTO_GIOCATORE (ID_MOSSA,ID_GIOCATORE) values ('19','2');
Insert into DB_MONO.PAGAMENTO_GIOCATORE (ID_MOSSA,ID_GIOCATORE) values ('63','3');
Insert into DB_MONO.PAGAMENTO_GIOCATORE (ID_MOSSA,ID_GIOCATORE) values ('78','1');
Insert into DB_MONO.PAGAMENTO_GIOCATORE (ID_MOSSA,ID_GIOCATORE) values ('85','1');
Insert into DB_MONO.PAGAMENTO_GIOCATORE (ID_MOSSA,ID_GIOCATORE) values ('92','1');
Insert into DB_MONO.PAGAMENTO_GIOCATORE (ID_MOSSA,ID_GIOCATORE) values ('101','2');
Insert into DB_MONO.PAGAMENTO_GIOCATORE (ID_MOSSA,ID_GIOCATORE) values ('114','2');
Insert into DB_MONO.PAGAMENTO_GIOCATORE (ID_MOSSA,ID_GIOCATORE) values ('118','3');
Insert into DB_MONO.PAGAMENTO_GIOCATORE (ID_MOSSA,ID_GIOCATORE) values ('123','2');
Insert into DB_MONO.PAGAMENTO_GIOCATORE (ID_MOSSA,ID_GIOCATORE) values ('127','3');
Insert into DB_MONO.PAGAMENTO_GIOCATORE (ID_MOSSA,ID_GIOCATORE) values ('132','3');
Insert into DB_MONO.PAGAMENTO_GIOCATORE (ID_MOSSA,ID_GIOCATORE) values ('135','1');
Insert into DB_MONO.PAGAMENTO_GIOCATORE (ID_MOSSA,ID_GIOCATORE) values ('136','3');
Insert into DB_MONO.PAGAMENTO_GIOCATORE (ID_MOSSA,ID_GIOCATORE) values ('146','2');
Insert into DB_MONO.PAGAMENTO_GIOCATORE (ID_MOSSA,ID_GIOCATORE) values ('148','1');
Insert into DB_MONO.PAGAMENTO_GIOCATORE (ID_MOSSA,ID_GIOCATORE) values ('150','1');
Insert into DB_MONO.PAGAMENTO_GIOCATORE (ID_MOSSA,ID_GIOCATORE) values ('156','1');
Insert into DB_MONO.PAGAMENTO_GIOCATORE (ID_MOSSA,ID_GIOCATORE) values ('157','2');
Insert into DB_MONO.PAGAMENTO_GIOCATORE (ID_MOSSA,ID_GIOCATORE) values ('160','2');
Insert into DB_MONO.PAGAMENTO_GIOCATORE (ID_MOSSA,ID_GIOCATORE) values ('167','3');
Insert into DB_MONO.PAGAMENTO_GIOCATORE (ID_MOSSA,ID_GIOCATORE) values ('384','17');
Insert into DB_MONO.PAGAMENTO_GIOCATORE (ID_MOSSA,ID_GIOCATORE) values ('479','28');
Insert into DB_MONO.PAGAMENTO_GIOCATORE (ID_MOSSA,ID_GIOCATORE) values ('480','29');
Insert into DB_MONO.PAGAMENTO_GIOCATORE (ID_MOSSA,ID_GIOCATORE) values ('490','28');
Insert into DB_MONO.PAGAMENTO_GIOCATORE (ID_MOSSA,ID_GIOCATORE) values ('496','27');
Insert into DB_MONO.PAGAMENTO_GIOCATORE (ID_MOSSA,ID_GIOCATORE) values ('503','27');
REM INSERTING into DB_MONO.PARTITA
SET DEFINE OFF;
Insert into DB_MONO.PARTITA (ID_PARTITA,NUMGIOCATORI) values ('4','6');
Insert into DB_MONO.PARTITA (ID_PARTITA,NUMGIOCATORI) values ('2','4');
Insert into DB_MONO.PARTITA (ID_PARTITA,NUMGIOCATORI) values ('5','2');
Insert into DB_MONO.PARTITA (ID_PARTITA,NUMGIOCATORI) values ('3','2');
Insert into DB_MONO.PARTITA (ID_PARTITA,NUMGIOCATORI) values ('6','2');
Insert into DB_MONO.PARTITA (ID_PARTITA,NUMGIOCATORI) values ('7','6');
Insert into DB_MONO.PARTITA (ID_PARTITA,NUMGIOCATORI) values ('8','4');
Insert into DB_MONO.PARTITA (ID_PARTITA,NUMGIOCATORI) values ('1','3');
Insert into DB_MONO.PARTITA (ID_PARTITA,NUMGIOCATORI) values ('9','3');
REM INSERTING into DB_MONO.PARTITA_GIOCATORE
SET DEFINE OFF;
Insert into DB_MONO.PARTITA_GIOCATORE (PARTITA,GIOCATORE,CONTO,PEDINA) values ('2','8','1530','AUTOMOBILE');
Insert into DB_MONO.PARTITA_GIOCATORE (PARTITA,GIOCATORE,CONTO,PEDINA) values ('2','9','1066','CAPPELLO');
Insert into DB_MONO.PARTITA_GIOCATORE (PARTITA,GIOCATORE,CONTO,PEDINA) values ('2','6','1390','CANE');
Insert into DB_MONO.PARTITA_GIOCATORE (PARTITA,GIOCATORE,CONTO,PEDINA) values ('2','7','1124','CARRIOLA');
Insert into DB_MONO.PARTITA_GIOCATORE (PARTITA,GIOCATORE,CONTO,PEDINA) values ('4','12','1250','CAPPELLO');
Insert into DB_MONO.PARTITA_GIOCATORE (PARTITA,GIOCATORE,CONTO,PEDINA) values ('4','10','1550','BARCA');
Insert into DB_MONO.PARTITA_GIOCATORE (PARTITA,GIOCATORE,CONTO,PEDINA) values ('4','11','1550','AUTOMOBILE');
Insert into DB_MONO.PARTITA_GIOCATORE (PARTITA,GIOCATORE,CONTO,PEDINA) values ('4','13','1550','SCARPONE');
Insert into DB_MONO.PARTITA_GIOCATORE (PARTITA,GIOCATORE,CONTO,PEDINA) values ('4','14','1550','CARRIOLA');
Insert into DB_MONO.PARTITA_GIOCATORE (PARTITA,GIOCATORE,CONTO,PEDINA) values ('4','15','1550','DITALE');
Insert into DB_MONO.PARTITA_GIOCATORE (PARTITA,GIOCATORE,CONTO,PEDINA) values ('6','9','1064','CAPPELLO');
Insert into DB_MONO.PARTITA_GIOCATORE (PARTITA,GIOCATORE,CONTO,PEDINA) values ('3','5','1500','FERRO DA STIRO');
Insert into DB_MONO.PARTITA_GIOCATORE (PARTITA,GIOCATORE,CONTO,PEDINA) values ('3','4','1725','DITALE');
Insert into DB_MONO.PARTITA_GIOCATORE (PARTITA,GIOCATORE,CONTO,PEDINA) values ('1','2','18','AUTOMOBILE');
Insert into DB_MONO.PARTITA_GIOCATORE (PARTITA,GIOCATORE,CONTO,PEDINA) values ('1','3','991','CAPPELLO');
Insert into DB_MONO.PARTITA_GIOCATORE (PARTITA,GIOCATORE,CONTO,PEDINA) values ('5','16','844','CARRIOLA');
Insert into DB_MONO.PARTITA_GIOCATORE (PARTITA,GIOCATORE,CONTO,PEDINA) values ('5','17','416','DITALE');
Insert into DB_MONO.PARTITA_GIOCATORE (PARTITA,GIOCATORE,CONTO,PEDINA) values ('6','6','1001','SCARPONE');
Insert into DB_MONO.PARTITA_GIOCATORE (PARTITA,GIOCATORE,CONTO,PEDINA) values ('1','1','691','BARCA');
Insert into DB_MONO.PARTITA_GIOCATORE (PARTITA,GIOCATORE,CONTO,PEDINA) values ('7','18','1500','BARCA');
Insert into DB_MONO.PARTITA_GIOCATORE (PARTITA,GIOCATORE,CONTO,PEDINA) values ('7','19','1500','AUTOMOBILE');
Insert into DB_MONO.PARTITA_GIOCATORE (PARTITA,GIOCATORE,CONTO,PEDINA) values ('7','20','1500','CAPPELLO');
Insert into DB_MONO.PARTITA_GIOCATORE (PARTITA,GIOCATORE,CONTO,PEDINA) values ('7','21','1500','SCARPONE');
Insert into DB_MONO.PARTITA_GIOCATORE (PARTITA,GIOCATORE,CONTO,PEDINA) values ('7','22','1500','FERRO DA STIRO');
Insert into DB_MONO.PARTITA_GIOCATORE (PARTITA,GIOCATORE,CONTO,PEDINA) values ('7','23','1500','CARRIOLA');
Insert into DB_MONO.PARTITA_GIOCATORE (PARTITA,GIOCATORE,CONTO,PEDINA) values ('8','4','1320','DITALE');
Insert into DB_MONO.PARTITA_GIOCATORE (PARTITA,GIOCATORE,CONTO,PEDINA) values ('8','24','900','CARRIOLA');
Insert into DB_MONO.PARTITA_GIOCATORE (PARTITA,GIOCATORE,CONTO,PEDINA) values ('8','25','1500','CANE');
Insert into DB_MONO.PARTITA_GIOCATORE (PARTITA,GIOCATORE,CONTO,PEDINA) values ('8','26','1350','FERRO DA STIRO');
Insert into DB_MONO.PARTITA_GIOCATORE (PARTITA,GIOCATORE,CONTO,PEDINA) values ('9','27','1003','CAPPELLO');
Insert into DB_MONO.PARTITA_GIOCATORE (PARTITA,GIOCATORE,CONTO,PEDINA) values ('9','28','1477','CARRIOLA');
Insert into DB_MONO.PARTITA_GIOCATORE (PARTITA,GIOCATORE,CONTO,PEDINA) values ('9','29','1230','DITALE');
REM INSERTING into DB_MONO.POSSEDIMENTO
SET DEFINE OFF;
Insert into DB_MONO.POSSEDIMENTO (ID_POSSEDIMENTO,TIPO_POSSEDIMENTO,NUM_CASA,ID_CONTRATTO,ID_GIOCATORE,NOME) values ('29','CASA','1','8','2','VIALE COSTANTINO');
Insert into DB_MONO.POSSEDIMENTO (ID_POSSEDIMENTO,TIPO_POSSEDIMENTO,NUM_CASA,ID_CONTRATTO,ID_GIOCATORE,NOME) values ('30','CASA','2','18','2','LARGO AUGUSTO');
Insert into DB_MONO.POSSEDIMENTO (ID_POSSEDIMENTO,TIPO_POSSEDIMENTO,NUM_CASA,ID_CONTRATTO,ID_GIOCATORE,NOME) values ('31','CASA','1','11','1','PIAZZA DANTE');
Insert into DB_MONO.POSSEDIMENTO (ID_POSSEDIMENTO,TIPO_POSSEDIMENTO,NUM_CASA,ID_CONTRATTO,ID_GIOCATORE,NOME) values ('33','SEMPLICE','0','3','7','BASTIONI GRAN SASSO');
Insert into DB_MONO.POSSEDIMENTO (ID_POSSEDIMENTO,TIPO_POSSEDIMENTO,NUM_CASA,ID_CONTRATTO,ID_GIOCATORE,NOME) values ('34','SEMPLICE','0','13','9','CORSO MAGELLANO');
Insert into DB_MONO.POSSEDIMENTO (ID_POSSEDIMENTO,TIPO_POSSEDIMENTO,NUM_CASA,ID_CONTRATTO,ID_GIOCATORE,NOME) values ('35','SEMPLICE','0','17','9','CORSO IMPERO');
Insert into DB_MONO.POSSEDIMENTO (ID_POSSEDIMENTO,TIPO_POSSEDIMENTO,NUM_CASA,ID_CONTRATTO,ID_GIOCATORE,NOME) values ('36','SEMPLICE','0','1','6','VICOLO CORTO');
Insert into DB_MONO.POSSEDIMENTO (ID_POSSEDIMENTO,TIPO_POSSEDIMENTO,NUM_CASA,ID_CONTRATTO,ID_GIOCATORE,NOME) values ('37','SEMPLICE','0','20','8','PARCO DELLA VITTORIA');
Insert into DB_MONO.POSSEDIMENTO (ID_POSSEDIMENTO,TIPO_POSSEDIMENTO,NUM_CASA,ID_CONTRATTO,ID_GIOCATORE,NOME) values ('38','SEMPLICE','0','4','7','VIALE MONTEROSA');
Insert into DB_MONO.POSSEDIMENTO (ID_POSSEDIMENTO,TIPO_POSSEDIMENTO,NUM_CASA,ID_CONTRATTO,ID_GIOCATORE,NOME) values ('39','SEMPLICE','0','6','9','VIA ACCADEMIA');
Insert into DB_MONO.POSSEDIMENTO (ID_POSSEDIMENTO,TIPO_POSSEDIMENTO,NUM_CASA,ID_CONTRATTO,ID_GIOCATORE,NOME) values ('40','SEMPLICE','0','10','6','CORSO RAFFAELLO');
Insert into DB_MONO.POSSEDIMENTO (ID_POSSEDIMENTO,TIPO_POSSEDIMENTO,NUM_CASA,ID_CONTRATTO,ID_GIOCATORE,NOME) values ('41','SEMPLICE','0','15','7','PIAZZA GIULIO CESARE');
Insert into DB_MONO.POSSEDIMENTO (ID_POSSEDIMENTO,TIPO_POSSEDIMENTO,NUM_CASA,ID_CONTRATTO,ID_GIOCATORE,NOME) values ('42','SEMPLICE','0','8','8','VIALE COSTANTINO');
Insert into DB_MONO.POSSEDIMENTO (ID_POSSEDIMENTO,TIPO_POSSEDIMENTO,NUM_CASA,ID_CONTRATTO,ID_GIOCATORE,NOME) values ('43','IPOTECATA','0','12','2','VIA MARCO POLO');
Insert into DB_MONO.POSSEDIMENTO (ID_POSSEDIMENTO,TIPO_POSSEDIMENTO,NUM_CASA,ID_CONTRATTO,ID_GIOCATORE,NOME) values ('44','IPOTECATA','0','8','2','VIALE COSTANTINO');
Insert into DB_MONO.POSSEDIMENTO (ID_POSSEDIMENTO,TIPO_POSSEDIMENTO,NUM_CASA,ID_CONTRATTO,ID_GIOCATORE,NOME) values ('45','IPOTECATA','0','17','2','CORSO IMPERO');
Insert into DB_MONO.POSSEDIMENTO (ID_POSSEDIMENTO,TIPO_POSSEDIMENTO,NUM_CASA,ID_CONTRATTO,ID_GIOCATORE,NOME) values ('46','SEMPLICE','0','5','17','VIALE VESUVIO');
Insert into DB_MONO.POSSEDIMENTO (ID_POSSEDIMENTO,TIPO_POSSEDIMENTO,NUM_CASA,ID_CONTRATTO,ID_GIOCATORE,NOME) values ('47','SEMPLICE','0','4','16','VIALE MONTEROSA');
Insert into DB_MONO.POSSEDIMENTO (ID_POSSEDIMENTO,TIPO_POSSEDIMENTO,NUM_CASA,ID_CONTRATTO,ID_GIOCATORE,NOME) values ('48','SEMPLICE','0','22','17','STAZIONE OVEST');
Insert into DB_MONO.POSSEDIMENTO (ID_POSSEDIMENTO,TIPO_POSSEDIMENTO,NUM_CASA,ID_CONTRATTO,ID_GIOCATORE,NOME) values ('49','SEMPLICE','0','25','16','CORSO ATENEO');
Insert into DB_MONO.POSSEDIMENTO (ID_POSSEDIMENTO,TIPO_POSSEDIMENTO,NUM_CASA,ID_CONTRATTO,ID_GIOCATORE,NOME) values ('50','SEMPLICE','0','12','17','VIA MARCO POLO');
Insert into DB_MONO.POSSEDIMENTO (ID_POSSEDIMENTO,TIPO_POSSEDIMENTO,NUM_CASA,ID_CONTRATTO,ID_GIOCATORE,NOME) values ('51','SEMPLICE','0','8','17','VIALE COSTANTINO');
Insert into DB_MONO.POSSEDIMENTO (ID_POSSEDIMENTO,TIPO_POSSEDIMENTO,NUM_CASA,ID_CONTRATTO,ID_GIOCATORE,NOME) values ('52','SEMPLICE','0','15','16','PIAZZA GIULIO CESARE');
Insert into DB_MONO.POSSEDIMENTO (ID_POSSEDIMENTO,TIPO_POSSEDIMENTO,NUM_CASA,ID_CONTRATTO,ID_GIOCATORE,NOME) values ('54','SEMPLICE','0','20','17','PARCO DELLA VITTORIA');
Insert into DB_MONO.POSSEDIMENTO (ID_POSSEDIMENTO,TIPO_POSSEDIMENTO,NUM_CASA,ID_CONTRATTO,ID_GIOCATORE,NOME) values ('55','SEMPLICE','0','28','6','SOCIETÀ ACQUA POTABILE');
Insert into DB_MONO.POSSEDIMENTO (ID_POSSEDIMENTO,TIPO_POSSEDIMENTO,NUM_CASA,ID_CONTRATTO,ID_GIOCATORE,NOME) values ('56','SEMPLICE','0','16','6','VIA ROMA');
Insert into DB_MONO.POSSEDIMENTO (ID_POSSEDIMENTO,TIPO_POSSEDIMENTO,NUM_CASA,ID_CONTRATTO,ID_GIOCATORE,NOME) values ('57','SEMPLICE','0','21','9','STAZIONE SUD');
Insert into DB_MONO.POSSEDIMENTO (ID_POSSEDIMENTO,TIPO_POSSEDIMENTO,NUM_CASA,ID_CONTRATTO,ID_GIOCATORE,NOME) values ('58','SEMPLICE','0','20','6','PARCO DELLA VITTORIA');
Insert into DB_MONO.POSSEDIMENTO (ID_POSSEDIMENTO,TIPO_POSSEDIMENTO,NUM_CASA,ID_CONTRATTO,ID_GIOCATORE,NOME) values ('60','SEMPLICE','0','14','9','VIALE TRAIANO');
Insert into DB_MONO.POSSEDIMENTO (ID_POSSEDIMENTO,TIPO_POSSEDIMENTO,NUM_CASA,ID_CONTRATTO,ID_GIOCATORE,NOME) values ('61','SEMPLICE','0','24','9','STAZIONE EST');
Insert into DB_MONO.POSSEDIMENTO (ID_POSSEDIMENTO,TIPO_POSSEDIMENTO,NUM_CASA,ID_CONTRATTO,ID_GIOCATORE,NOME) values ('32','SEMPLICE','0','24','3','STAZIONE EST');
Insert into DB_MONO.POSSEDIMENTO (ID_POSSEDIMENTO,TIPO_POSSEDIMENTO,NUM_CASA,ID_CONTRATTO,ID_GIOCATORE,NOME) values ('2','SEMPLICE','0','21','2','STAZIONE SUD');
Insert into DB_MONO.POSSEDIMENTO (ID_POSSEDIMENTO,TIPO_POSSEDIMENTO,NUM_CASA,ID_CONTRATTO,ID_GIOCATORE,NOME) values ('3','SEMPLICE','0','5','3','VIALE VESUVIO');
Insert into DB_MONO.POSSEDIMENTO (ID_POSSEDIMENTO,TIPO_POSSEDIMENTO,NUM_CASA,ID_CONTRATTO,ID_GIOCATORE,NOME) values ('4','SEMPLICE','0','6','1','VIA ACCADEMIA');
Insert into DB_MONO.POSSEDIMENTO (ID_POSSEDIMENTO,TIPO_POSSEDIMENTO,NUM_CASA,ID_CONTRATTO,ID_GIOCATORE,NOME) values ('5','SEMPLICE','0','26','3','PIAZZA UNIVERSITÀ');
Insert into DB_MONO.POSSEDIMENTO (ID_POSSEDIMENTO,TIPO_POSSEDIMENTO,NUM_CASA,ID_CONTRATTO,ID_GIOCATORE,NOME) values ('6','SEMPLICE','0','22','1','STAZIONE OVEST');
Insert into DB_MONO.POSSEDIMENTO (ID_POSSEDIMENTO,TIPO_POSSEDIMENTO,NUM_CASA,ID_CONTRATTO,ID_GIOCATORE,NOME) values ('21','SEMPLICE','0','16','2','VIA ROMA');
Insert into DB_MONO.POSSEDIMENTO (ID_POSSEDIMENTO,TIPO_POSSEDIMENTO,NUM_CASA,ID_CONTRATTO,ID_GIOCATORE,NOME) values ('8','SEMPLICE','0','28','1','SOCIETÀ ACQUA POTABILE');
Insert into DB_MONO.POSSEDIMENTO (ID_POSSEDIMENTO,TIPO_POSSEDIMENTO,NUM_CASA,ID_CONTRATTO,ID_GIOCATORE,NOME) values ('1','SEMPLICE','0','3','1','BASTIONI GRAN SASSO');
Insert into DB_MONO.POSSEDIMENTO (ID_POSSEDIMENTO,TIPO_POSSEDIMENTO,NUM_CASA,ID_CONTRATTO,ID_GIOCATORE,NOME) values ('9','SEMPLICE','0','7','2','LARGO COLOMBO');
Insert into DB_MONO.POSSEDIMENTO (ID_POSSEDIMENTO,TIPO_POSSEDIMENTO,NUM_CASA,ID_CONTRATTO,ID_GIOCATORE,NOME) values ('10','SEMPLICE','0','17','2','CORSO IMPERO');
Insert into DB_MONO.POSSEDIMENTO (ID_POSSEDIMENTO,TIPO_POSSEDIMENTO,NUM_CASA,ID_CONTRATTO,ID_GIOCATORE,NOME) values ('11','SEMPLICE','0','20','3','PARCO DELLA VITTORIA');
Insert into DB_MONO.POSSEDIMENTO (ID_POSSEDIMENTO,TIPO_POSSEDIMENTO,NUM_CASA,ID_CONTRATTO,ID_GIOCATORE,NOME) values ('12','SEMPLICE','0','18','2','LARGO AUGUSTO');
Insert into DB_MONO.POSSEDIMENTO (ID_POSSEDIMENTO,TIPO_POSSEDIMENTO,NUM_CASA,ID_CONTRATTO,ID_GIOCATORE,NOME) values ('13','SEMPLICE','0','9','1','VIA VERDI');
Insert into DB_MONO.POSSEDIMENTO (ID_POSSEDIMENTO,TIPO_POSSEDIMENTO,NUM_CASA,ID_CONTRATTO,ID_GIOCATORE,NOME) values ('14','SEMPLICE','0','15','2','PIAZZA GIULIO CESARE');
Insert into DB_MONO.POSSEDIMENTO (ID_POSSEDIMENTO,TIPO_POSSEDIMENTO,NUM_CASA,ID_CONTRATTO,ID_GIOCATORE,NOME) values ('15','SEMPLICE','0','11','1','PIAZZA DANTE');
Insert into DB_MONO.POSSEDIMENTO (ID_POSSEDIMENTO,TIPO_POSSEDIMENTO,NUM_CASA,ID_CONTRATTO,ID_GIOCATORE,NOME) values ('16','SEMPLICE','0','27','2','SOCIETÀ ELETTRICA');
Insert into DB_MONO.POSSEDIMENTO (ID_POSSEDIMENTO,TIPO_POSSEDIMENTO,NUM_CASA,ID_CONTRATTO,ID_GIOCATORE,NOME) values ('17','SEMPLICE','0','25','3','CORSO ATENEO');
Insert into DB_MONO.POSSEDIMENTO (ID_POSSEDIMENTO,TIPO_POSSEDIMENTO,NUM_CASA,ID_CONTRATTO,ID_GIOCATORE,NOME) values ('18','SEMPLICE','0','4','1','VIALE MONTEROSA');
Insert into DB_MONO.POSSEDIMENTO (ID_POSSEDIMENTO,TIPO_POSSEDIMENTO,NUM_CASA,ID_CONTRATTO,ID_GIOCATORE,NOME) values ('19','SEMPLICE','0','12','2','VIA MARCO POLO');
Insert into DB_MONO.POSSEDIMENTO (ID_POSSEDIMENTO,TIPO_POSSEDIMENTO,NUM_CASA,ID_CONTRATTO,ID_GIOCATORE,NOME) values ('20','SEMPLICE','0','14','2','VIALE TRAIANO');
Insert into DB_MONO.POSSEDIMENTO (ID_POSSEDIMENTO,TIPO_POSSEDIMENTO,NUM_CASA,ID_CONTRATTO,ID_GIOCATORE,NOME) values ('22','SEMPLICE','0','23','1','STAZIONE NORD');
Insert into DB_MONO.POSSEDIMENTO (ID_POSSEDIMENTO,TIPO_POSSEDIMENTO,NUM_CASA,ID_CONTRATTO,ID_GIOCATORE,NOME) values ('23','SEMPLICE','0','8','2','VIALE COSTANTINO');
Insert into DB_MONO.POSSEDIMENTO (ID_POSSEDIMENTO,TIPO_POSSEDIMENTO,NUM_CASA,ID_CONTRATTO,ID_GIOCATORE,NOME) values ('24','CASA','1','17','2','CORSO IMPERO');
Insert into DB_MONO.POSSEDIMENTO (ID_POSSEDIMENTO,TIPO_POSSEDIMENTO,NUM_CASA,ID_CONTRATTO,ID_GIOCATORE,NOME) values ('25','SEMPLICE','0','2','3','VICOLO STRETTO');
Insert into DB_MONO.POSSEDIMENTO (ID_POSSEDIMENTO,TIPO_POSSEDIMENTO,NUM_CASA,ID_CONTRATTO,ID_GIOCATORE,NOME) values ('26','CASA','1','16','2','VIA ROMA');
Insert into DB_MONO.POSSEDIMENTO (ID_POSSEDIMENTO,TIPO_POSSEDIMENTO,NUM_CASA,ID_CONTRATTO,ID_GIOCATORE,NOME) values ('27','CASA','1','18','2','LARGO AUGUSTO');
Insert into DB_MONO.POSSEDIMENTO (ID_POSSEDIMENTO,TIPO_POSSEDIMENTO,NUM_CASA,ID_CONTRATTO,ID_GIOCATORE,NOME) values ('28','SEMPLICE','0','10','1','CORSO RAFFAELLO');
Insert into DB_MONO.POSSEDIMENTO (ID_POSSEDIMENTO,TIPO_POSSEDIMENTO,NUM_CASA,ID_CONTRATTO,ID_GIOCATORE,NOME) values ('53','SEMPLICE','0','18','17','LARGO AUGUSTO');
Insert into DB_MONO.POSSEDIMENTO (ID_POSSEDIMENTO,TIPO_POSSEDIMENTO,NUM_CASA,ID_CONTRATTO,ID_GIOCATORE,NOME) values ('59','SEMPLICE','0','22','9','STAZIONE OVEST');
Insert into DB_MONO.POSSEDIMENTO (ID_POSSEDIMENTO,TIPO_POSSEDIMENTO,NUM_CASA,ID_CONTRATTO,ID_GIOCATORE,NOME) values ('62','SEMPLICE','0','10','4','CORSO RAFFAELLO');
Insert into DB_MONO.POSSEDIMENTO (ID_POSSEDIMENTO,TIPO_POSSEDIMENTO,NUM_CASA,ID_CONTRATTO,ID_GIOCATORE,NOME) values ('63','SEMPLICE','0','14','24','VIALE TRAIANO');
Insert into DB_MONO.POSSEDIMENTO (ID_POSSEDIMENTO,TIPO_POSSEDIMENTO,NUM_CASA,ID_CONTRATTO,ID_GIOCATORE,NOME) values ('64','SEMPLICE','0','19','26','VIALE DEI GIARDINI');
Insert into DB_MONO.POSSEDIMENTO (ID_POSSEDIMENTO,TIPO_POSSEDIMENTO,NUM_CASA,ID_CONTRATTO,ID_GIOCATORE,NOME) values ('65','SEMPLICE','0','20','24','PARCO DELLA VITTORIA');
Insert into DB_MONO.POSSEDIMENTO (ID_POSSEDIMENTO,TIPO_POSSEDIMENTO,NUM_CASA,ID_CONTRATTO,ID_GIOCATORE,NOME) values ('66','SEMPLICE','0','5','28','VIALE VESUVIO');
Insert into DB_MONO.POSSEDIMENTO (ID_POSSEDIMENTO,TIPO_POSSEDIMENTO,NUM_CASA,ID_CONTRATTO,ID_GIOCATORE,NOME) values ('67','SEMPLICE','0','21','29','STAZIONE SUD');
Insert into DB_MONO.POSSEDIMENTO (ID_POSSEDIMENTO,TIPO_POSSEDIMENTO,NUM_CASA,ID_CONTRATTO,ID_GIOCATORE,NOME) values ('68','SEMPLICE','0','26','27','PIAZZA UNIVERSITÀ');
Insert into DB_MONO.POSSEDIMENTO (ID_POSSEDIMENTO,TIPO_POSSEDIMENTO,NUM_CASA,ID_CONTRATTO,ID_GIOCATORE,NOME) values ('69','SEMPLICE','0','13','28','CORSO MAGELLANO');
Insert into DB_MONO.POSSEDIMENTO (ID_POSSEDIMENTO,TIPO_POSSEDIMENTO,NUM_CASA,ID_CONTRATTO,ID_GIOCATORE,NOME) values ('70','SEMPLICE','0','17','27','CORSO IMPERO');
Insert into DB_MONO.POSSEDIMENTO (ID_POSSEDIMENTO,TIPO_POSSEDIMENTO,NUM_CASA,ID_CONTRATTO,ID_GIOCATORE,NOME) values ('71','SEMPLICE','0','20','27','PARCO DELLA VITTORIA');
Insert into DB_MONO.POSSEDIMENTO (ID_POSSEDIMENTO,TIPO_POSSEDIMENTO,NUM_CASA,ID_CONTRATTO,ID_GIOCATORE,NOME) values ('72','SEMPLICE','0','22','29','STAZIONE OVEST');
